number,title,front,back,text_path,preview,source
1,第一大吉,http://www.chance.org.tw/籤詩集/淺草金龍山觀音寺一百籤/淺草金龍山觀音寺一百籤掃描圖片/淺草金龍山觀音寺一百籤001a.jpg,http://www.chance.org.tw/籤詩集/淺草金龍山觀音寺一百籤/淺草金龍山觀音寺一百籤掃描圖片/淺草金龍山觀音寺一百籤001b.jpg,C:\Users\Nicol\musiam-front\src\data\kannon100\001\原文001.txt,第一大吉 /  / 第一大吉 / 日文漢字 / 日文漢字 / 七寶浮圖塔,http://www.chance.org.tw/籤詩集/淺草金龍山觀音寺一百籤/籤詩網‧淺草金龍山觀音寺一百籤__第001籤.htm
2,第二小吉,http://www.chance.org.tw/籤詩集/淺草金龍山觀音寺一百籤/淺草金龍山觀音寺一百籤掃描圖片/淺草金龍山觀音寺一百籤002a.jpg,http://www.chance.org.tw/籤詩集/淺草金龍山觀音寺一百籤/淺草金龍山觀音寺一百籤掃描圖片/淺草金龍山觀音寺一百籤002b.jpg,C:\Users\Nicol\musiam-front\src\data\kannon100\002\原文002.txt,第二小吉 /  / 第二小吉 / 日文漢字 / 日文漢字 / 月被浮雲翳,http://www.chance.org.tw/籤詩集/淺草金龍山觀音寺一百籤/籤詩網‧淺草金龍山觀音寺一百籤__第002籤.htm
3,第三籤 凶 愁惱損忠良 層層疊疊嘆氣與苦惱，被回報的事很少吧。 青霄一炷香 就像向著天燒香祈禱般地，你的願望無法傳達天聽吧。 雖然防小過 雖這樣說，但就算只有一點點善行也好，作了可以逃離災厄吧。 閑慮覺時長 東想西想之間，似乎不知不覺就像過了很長的時間。等待時機的到來吧。 願望：難實現吧。 疾病：雖然拖長，但是會治好吧。 遺失物：難以找到吧。 盼望的人：要花很久的時間吧。 旅行：因為很壞，放棄吧。 蓋新居搬家：勉勉強強地算好吧。 結婚交往：要節制吧。 請注意下圖籤詩第二句的『宵』字和籤詩上圖的原版『霄』字不同,http://www.chance.org.tw/籤詩集/淺草金龍山觀音寺一百籤/淺草金龍山觀音寺一百籤掃描圖片/淺草金龍山觀音寺一百籤003a.jpg,http://www.chance.org.tw/籤詩集/淺草金龍山觀音寺一百籤/淺草金龍山觀音寺一百籤掃描圖片/淺草金龍山觀音寺一百籤003b.jpg,C:\Users\Nicol\musiam-front\src\data\kannon100\003\原文003.txt,第三籤 凶 愁惱損忠良 層層疊疊嘆氣與苦惱，被回報的事很少吧。 青霄一炷香 就像向著天燒香祈禱般地，你的願望無法傳達天聽吧。 雖然防小過 雖這樣說，但就算只有一點點善行也好，作了可以逃離災厄吧。 閑慮覺時長 東想西想之間，似乎不知不覺就像過了很長的時間。等待時機的到來吧。 願望：難實現吧。 疾病：雖然拖長，但是會治好吧。 遺失物：難以找到吧。 盼望的人：要花很久的時間吧。 旅行：因為很壞，放棄吧。 蓋新居搬家：勉勉強強地算好吧。 結婚交往：要節制吧。 請注意下圖籤詩第二句的『宵』字和籤詩上圖的原版『霄』字不同 /  / 愁惱損忠良 / 層層疊疊嘆氣與苦惱，被回報的事很少吧。 / 青霄一炷香 / 青霄一炷香,http://www.chance.org.tw/籤詩集/淺草金龍山觀音寺一百籤/籤詩網‧淺草金龍山觀音寺一百籤__第003籤.htm
4,第四 吉 累有興雲志 拼命地要出人頭地，可以看出你的志向。 君恩祿未封 但是遺憾地是，你的不成熟還不能得到居上位者的認同。 若逢侯手印 然而，就像是如果已經寫了好文章的話，就立刻得到認同般地，好好傳遞自己的心思是很重要的。 好事始總總 好事也似乎會越來越接踵而起吧。,http://www.chance.org.tw/籤詩集/淺草金龍山觀音寺一百籤/淺草金龍山觀音寺一百籤掃描圖片/淺草金龍山觀音寺一百籤004a.jpg,http://www.chance.org.tw/籤詩集/淺草金龍山觀音寺一百籤/淺草金龍山觀音寺一百籤掃描圖片/淺草金龍山觀音寺一百籤004b.jpg,C:\Users\Nicol\musiam-front\src\data\kannon100\004\原文004.txt,第四 吉 累有興雲志 拼命地要出人頭地，可以看出你的志向。 君恩祿未封 但是遺憾地是，你的不成熟還不能得到居上位者的認同。 若逢侯手印 然而，就像是如果已經寫了好文章的話，就立刻得到認同般地，好好傳遞自己的心思是很重要的。 好事始總總 好事也似乎會越來越接踵而起吧。 /  / 累有興雲志 / 累有興雲志 / 拼命地要出人頭地，可以看出你的志向。 / 君恩祿未封,http://www.chance.org.tw/籤詩集/淺草金龍山觀音寺一百籤/籤詩網‧淺草金龍山觀音寺一百籤__第004籤.htm
5,第005籤,http://www.chance.org.tw/籤詩集/淺草金龍山觀音寺一百籤/淺草金龍山觀音寺一百籤掃描圖片/淺草金龍山觀音寺一百籤005a.jpg,http://www.chance.org.tw/籤詩集/淺草金龍山觀音寺一百籤/淺草金龍山觀音寺一百籤掃描圖片/淺草金龍山觀音寺一百籤005b.jpg,C:\Users\Nicol\musiam-front\src\data\kannon100\005\原文005.txt,日本淺草觀音寺一百籤（日本佛寺一百籤） /  / 日文漢字 / 日文漢字 / 家道未能昌 / 家道未能昌,http://www.chance.org.tw/籤詩集/淺草金龍山觀音寺一百籤/籤詩網‧淺草金龍山觀音寺一百籤__第005籤.htm
6,第六末吉,http://www.chance.org.tw/籤詩集/淺草金龍山觀音寺一百籤/淺草金龍山觀音寺一百籤掃描圖片/淺草金龍山觀音寺一百籤006a.jpg,http://www.chance.org.tw/籤詩集/淺草金龍山觀音寺一百籤/淺草金龍山觀音寺一百籤掃描圖片/淺草金龍山觀音寺一百籤006b.jpg,C:\Users\Nicol\musiam-front\src\data\kannon100\006\原文006.txt,第六末吉 /  / 第六末吉 / 日文漢字 / 日文漢字 / 宅墓鬼凶多,http://www.chance.org.tw/籤詩集/淺草金龍山觀音寺一百籤/籤詩網‧淺草金龍山觀音寺一百籤__第006籤.htm
7,第007籤,http://www.chance.org.tw/籤詩集/淺草金龍山觀音寺一百籤/淺草金龍山觀音寺一百籤掃描圖片/淺草金龍山觀音寺一百籤007a.jpg,http://www.chance.org.tw/籤詩集/淺草金龍山觀音寺一百籤/淺草金龍山觀音寺一百籤掃描圖片/淺草金龍山觀音寺一百籤007b.jpg,C:\Users\Nicol\musiam-front\src\data\kannon100\007\原文007.txt,日本淺草觀音寺一百籤（日本佛寺一百籤） /  / 日文漢字 / 日文漢字 / 登舟待便風 / 登舟待便風,http://www.chance.org.tw/籤詩集/淺草金龍山觀音寺一百籤/籤詩網‧淺草金龍山觀音寺一百籤__第007籤.htm
8,第八大吉,http://www.chance.org.tw/籤詩集/淺草金龍山觀音寺一百籤/淺草金龍山觀音寺一百籤掃描圖片/淺草金龍山觀音寺一百籤008a.jpg,http://www.chance.org.tw/籤詩集/淺草金龍山觀音寺一百籤/淺草金龍山觀音寺一百籤掃描圖片/淺草金龍山觀音寺一百籤008b.jpg,C:\Users\Nicol\musiam-front\src\data\kannon100\008\原文008.txt,第八大吉 /  / 第八大吉 / 日文漢字 / 日文漢字 / 勿頭中見尾,http://www.chance.org.tw/籤詩集/淺草金龍山觀音寺一百籤/籤詩網‧淺草金龍山觀音寺一百籤__第008籤.htm
9,第九大吉,http://www.chance.org.tw/籤詩集/淺草金龍山觀音寺一百籤/淺草金龍山觀音寺一百籤掃描圖片/淺草金龍山觀音寺一百籤009a.jpg,http://www.chance.org.tw/籤詩集/淺草金龍山觀音寺一百籤/淺草金龍山觀音寺一百籤掃描圖片/淺草金龍山觀音寺一百籤009b.jpg,C:\Users\Nicol\musiam-front\src\data\kannon100\009\原文009.txt,第九大吉 /  / 第九大吉 / 日文漢字 / 日文漢字 / 有名須得遇,http://www.chance.org.tw/籤詩集/淺草金龍山觀音寺一百籤/籤詩網‧淺草金龍山觀音寺一百籤__第009籤.htm
10,第十大吉,http://www.chance.org.tw/籤詩集/淺草金龍山觀音寺一百籤/淺草金龍山觀音寺一百籤掃描圖片/淺草金龍山觀音寺一百籤010a.jpg,http://www.chance.org.tw/籤詩集/淺草金龍山觀音寺一百籤/淺草金龍山觀音寺一百籤掃描圖片/淺草金龍山觀音寺一百籤010b.jpg,C:\Users\Nicol\musiam-front\src\data\kannon100\010\原文010.txt,第十大吉 /  / 第十大吉 / 日文漢字 / 日文漢字 / 舊用多成破,http://www.chance.org.tw/籤詩集/淺草金龍山觀音寺一百籤/籤詩網‧淺草金龍山觀音寺一百籤__第010籤.htm
11,第十一大吉,http://www.chance.org.tw/籤詩集/淺草金龍山觀音寺一百籤/淺草金龍山觀音寺一百籤掃描圖片/淺草金龍山觀音寺一百籤011a.jpg,http://www.chance.org.tw/籤詩集/淺草金龍山觀音寺一百籤/淺草金龍山觀音寺一百籤掃描圖片/淺草金龍山觀音寺一百籤011b.jpg,C:\Users\Nicol\musiam-front\src\data\kannon100\011\原文011.txt,第十一大吉 /  / 第十一大吉 / 日文漢字 / 日文漢字 / 有祿興家業,http://www.chance.org.tw/籤詩集/淺草金龍山觀音寺一百籤/籤詩網‧淺草金龍山觀音寺一百籤__第011籤.htm
12,第十二大吉,http://www.chance.org.tw/籤詩集/淺草金龍山觀音寺一百籤/淺草金龍山觀音寺一百籤掃描圖片/淺草金龍山觀音寺一百籤012a.jpg,http://www.chance.org.tw/籤詩集/淺草金龍山觀音寺一百籤/淺草金龍山觀音寺一百籤掃描圖片/淺草金龍山觀音寺一百籤012b.jpg,C:\Users\Nicol\musiam-front\src\data\kannon100\012\原文012.txt,第十二大吉 /  / 第十二大吉 / 日文漢字 / 日文漢字 / 楊柳遇春時,http://www.chance.org.tw/籤詩集/淺草金龍山觀音寺一百籤/籤詩網‧淺草金龍山觀音寺一百籤__第012籤.htm
13,第十三大吉,http://www.chance.org.tw/籤詩集/淺草金龍山觀音寺一百籤/淺草金龍山觀音寺一百籤掃描圖片/淺草金龍山觀音寺一百籤013a.jpg,http://www.chance.org.tw/籤詩集/淺草金龍山觀音寺一百籤/淺草金龍山觀音寺一百籤掃描圖片/淺草金龍山觀音寺一百籤013b.jpg,C:\Users\Nicol\musiam-front\src\data\kannon100\013\原文013.txt,第十三大吉 /  / 第十三大吉 / 日文漢字 / 日文漢字 / 手把大陽輝,http://www.chance.org.tw/籤詩集/淺草金龍山觀音寺一百籤/籤詩網‧淺草金龍山觀音寺一百籤__第013籤.htm
14,第十四末吉,http://www.chance.org.tw/籤詩集/淺草金龍山觀音寺一百籤/淺草金龍山觀音寺一百籤掃描圖片/淺草金龍山觀音寺一百籤014a.jpg,http://www.chance.org.tw/籤詩集/淺草金龍山觀音寺一百籤/淺草金龍山觀音寺一百籤掃描圖片/淺草金龍山觀音寺一百籤014b.jpg,C:\Users\Nicol\musiam-front\src\data\kannon100\014\原文014.txt,第十四末吉 /  / 第十四末吉 / 日文漢字 / 日文漢字 / 玉石未分時,http://www.chance.org.tw/籤詩集/淺草金龍山觀音寺一百籤/籤詩網‧淺草金龍山觀音寺一百籤__第014籤.htm
15,第十五凶,http://www.chance.org.tw/籤詩集/淺草金龍山觀音寺一百籤/淺草金龍山觀音寺一百籤掃描圖片/淺草金龍山觀音寺一百籤015a.jpg,http://www.chance.org.tw/籤詩集/淺草金龍山觀音寺一百籤/淺草金龍山觀音寺一百籤掃描圖片/淺草金龍山觀音寺一百籤015b.jpg,C:\Users\Nicol\musiam-front\src\data\kannon100\015\原文015.txt,第十五凶 /  / 第十五凶 / 日文漢字 / 日文漢字 / 年乖數亦孤,http://www.chance.org.tw/籤詩集/淺草金龍山觀音寺一百籤/籤詩網‧淺草金龍山觀音寺一百籤__第015籤.htm
16,第十六吉,http://www.chance.org.tw/籤詩集/淺草金龍山觀音寺一百籤/淺草金龍山觀音寺一百籤掃描圖片/淺草金龍山觀音寺一百籤016a.jpg,http://www.chance.org.tw/籤詩集/淺草金龍山觀音寺一百籤/淺草金龍山觀音寺一百籤掃描圖片/淺草金龍山觀音寺一百籤016b.jpg,C:\Users\Nicol\musiam-front\src\data\kannon100\016\原文016.txt,第十六吉 /  / 第十六吉 / 日文漢字 / 日文漢字 / 破改重成望,http://www.chance.org.tw/籤詩集/淺草金龍山觀音寺一百籤/籤詩網‧淺草金龍山觀音寺一百籤__第016籤.htm
17,第十七凶,http://www.chance.org.tw/籤詩集/淺草金龍山觀音寺一百籤/[異體字]__怪.jpg,http://www.chance.org.tw/籤詩集/淺草金龍山觀音寺一百籤/淺草金龍山觀音寺一百籤掃描圖片/淺草金龍山觀音寺一百籤017a.jpg,C:\Users\Nicol\musiam-front\src\data\kannon100\017\原文017.txt,第十七凶 /  / 第十七凶 / 日文漢字 / 日文漢字 / 怪異防憂惱,http://www.chance.org.tw/籤詩集/淺草金龍山觀音寺一百籤/籤詩網‧淺草金龍山觀音寺一百籤__第017籤.htm
18,第十八吉,http://www.chance.org.tw/籤詩集/淺草金龍山觀音寺一百籤/淺草金龍山觀音寺一百籤掃描圖片/淺草金龍山觀音寺一百籤018a.jpg,http://www.chance.org.tw/籤詩集/淺草金龍山觀音寺一百籤/淺草金龍山觀音寺一百籤掃描圖片/淺草金龍山觀音寺一百籤018b.jpg,C:\Users\Nicol\musiam-front\src\data\kannon100\018\原文018.txt,第十八吉 /  / 第十八吉 / 日文漢字 / 日文漢字 / 離暗出明時,http://www.chance.org.tw/籤詩集/淺草金龍山觀音寺一百籤/籤詩網‧淺草金龍山觀音寺一百籤__第018籤.htm
19,第十九末小吉,http://www.chance.org.tw/籤詩集/淺草金龍山觀音寺一百籤/淺草金龍山觀音寺一百籤掃描圖片/淺草金龍山觀音寺一百籤019a.jpg,http://www.chance.org.tw/籤詩集/淺草金龍山觀音寺一百籤/淺草金龍山觀音寺一百籤掃描圖片/淺草金龍山觀音寺一百籤019b.jpg,C:\Users\Nicol\musiam-front\src\data\kannon100\019\原文019.txt,第十九末小吉 /  / 第十九末小吉 / 日文漢字 / 日文漢字 / 家道生荊棘,http://www.chance.org.tw/籤詩集/淺草金龍山觀音寺一百籤/籤詩網‧淺草金龍山觀音寺一百籤__第019籤.htm
20,第二十吉,http://www.chance.org.tw/籤詩集/淺草金龍山觀音寺一百籤/淺草金龍山觀音寺一百籤掃描圖片/淺草金龍山觀音寺一百籤020a.jpg,http://www.chance.org.tw/籤詩集/淺草金龍山觀音寺一百籤/淺草金龍山觀音寺一百籤掃描圖片/淺草金龍山觀音寺一百籤020b.jpg,C:\Users\Nicol\musiam-front\src\data\kannon100\020\原文020.txt,第二十吉 /  / 第二十吉 / 日文漢字 / 日文漢字 / 月出漸分明,http://www.chance.org.tw/籤詩集/淺草金龍山觀音寺一百籤/籤詩網‧淺草金龍山觀音寺一百籤__第020籤.htm
21,第二十一吉,http://www.chance.org.tw/籤詩集/淺草金龍山觀音寺一百籤/淺草金龍山觀音寺一百籤掃描圖片/淺草金龍山觀音寺一百籤021a.jpg,http://www.chance.org.tw/籤詩集/淺草金龍山觀音寺一百籤/淺草金龍山觀音寺一百籤掃描圖片/淺草金龍山觀音寺一百籤021b.jpg,C:\Users\Nicol\musiam-front\src\data\kannon100\021\原文021.txt,第二十一吉 /  / 第二十一吉 / 日文漢字 / 日文漢字 / 洗出經年否,http://www.chance.org.tw/籤詩集/淺草金龍山觀音寺一百籤/籤詩網‧淺草金龍山觀音寺一百籤__第021籤.htm
22,第二十二吉,http://www.chance.org.tw/籤詩集/淺草金龍山觀音寺一百籤/淺草金龍山觀音寺一百籤掃描圖片/淺草金龍山觀音寺一百籤022a.jpg,http://www.chance.org.tw/籤詩集/淺草金龍山觀音寺一百籤/淺草金龍山觀音寺一百籤掃描圖片/淺草金龍山觀音寺一百籤022b.jpg,C:\Users\Nicol\musiam-front\src\data\kannon100\022\原文022.txt,第二十二吉 /  / 第二十二吉 / 漸漸濃雲散 / 看看月再明 / 逢春華菓秀,http://www.chance.org.tw/籤詩集/淺草金龍山觀音寺一百籤/籤詩網‧淺草金龍山觀音寺一百籤__第022籤.htm
23,第二十三吉,http://www.chance.org.tw/籤詩集/淺草金龍山觀音寺一百籤/淺草金龍山觀音寺一百籤掃描圖片/淺草金龍山觀音寺一百籤023a.jpg,http://www.chance.org.tw/籤詩集/淺草金龍山觀音寺一百籤/淺草金龍山觀音寺一百籤掃描圖片/淺草金龍山觀音寺一百籤023b.jpg,C:\Users\Nicol\musiam-front\src\data\kannon100\023\原文023.txt,第二十三吉 /  / 第二十三吉 / 日文漢字 / 日文漢字 / 紅雲隨步起,http://www.chance.org.tw/籤詩集/淺草金龍山觀音寺一百籤/籤詩網‧淺草金龍山觀音寺一百籤__第023籤.htm
24,第二十四凶,http://www.chance.org.tw/籤詩集/淺草金龍山觀音寺一百籤/淺草金龍山觀音寺一百籤掃描圖片/淺草金龍山觀音寺一百籤024a.jpg,http://www.chance.org.tw/籤詩集/淺草金龍山觀音寺一百籤/淺草金龍山觀音寺一百籤掃描圖片/淺草金龍山觀音寺一百籤024b.jpg,C:\Users\Nicol\musiam-front\src\data\kannon100\024\原文024.txt,第二十四凶 /  / 第二十四凶 / 日文漢字 / 日文漢字 / 三女莫相逢,http://www.chance.org.tw/籤詩集/淺草金龍山觀音寺一百籤/籤詩網‧淺草金龍山觀音寺一百籤__第024籤.htm
25,第二十五吉,http://www.chance.org.tw/籤詩集/淺草金龍山觀音寺一百籤/淺草金龍山觀音寺一百籤掃描圖片/淺草金龍山觀音寺一百籤025a.jpg,http://www.chance.org.tw/籤詩集/淺草金龍山觀音寺一百籤/淺草金龍山觀音寺一百籤掃描圖片/淺草金龍山觀音寺一百籤025b.jpg,C:\Users\Nicol\musiam-front\src\data\kannon100\025\原文025.txt,第二十五吉 /  / 第二十五吉 / 日文漢字 / 日文漢字 / 枯木逢春生,http://www.chance.org.tw/籤詩集/淺草金龍山觀音寺一百籤/籤詩網‧淺草金龍山觀音寺一百籤__第025籤.htm
26,第二十六吉,http://www.chance.org.tw/籤詩集/淺草金龍山觀音寺一百籤/淺草金龍山觀音寺一百籤掃描圖片/淺草金龍山觀音寺一百籤026a.jpg,http://www.chance.org.tw/籤詩集/淺草金龍山觀音寺一百籤/淺草金龍山觀音寺一百籤掃描圖片/淺草金龍山觀音寺一百籤026b.jpg,C:\Users\Nicol\musiam-front\src\data\kannon100\026\原文026.txt,第二十六吉 /  / 第二十六吉 / 日文漢字 / 日文漢字 / 將軍有異聲,http://www.chance.org.tw/籤詩集/淺草金龍山觀音寺一百籤/籤詩網‧淺草金龍山觀音寺一百籤__第026籤.htm
27,第二十七吉,http://www.chance.org.tw/籤詩集/淺草金龍山觀音寺一百籤/淺草金龍山觀音寺一百籤掃描圖片/淺草金龍山觀音寺一百籤027a.jpg,http://www.chance.org.tw/籤詩集/淺草金龍山觀音寺一百籤/淺草金龍山觀音寺一百籤掃描圖片/淺草金龍山觀音寺一百籤027b.jpg,C:\Users\Nicol\musiam-front\src\data\kannon100\027\原文027.txt,第二十七吉 /  / 第二十七吉 / 日文漢字 / 日文漢字 / 望祿應重山,http://www.chance.org.tw/籤詩集/淺草金龍山觀音寺一百籤/籤詩網‧淺草金龍山觀音寺一百籤__第027籤.htm
28,第二十八凶,http://www.chance.org.tw/籤詩集/淺草金龍山觀音寺一百籤/淺草金龍山觀音寺一百籤掃描圖片/淺草金龍山觀音寺一百籤028a.jpg,http://www.chance.org.tw/籤詩集/淺草金龍山觀音寺一百籤/淺草金龍山觀音寺一百籤掃描圖片/淺草金龍山觀音寺一百籤028b.jpg,C:\Users\Nicol\musiam-front\src\data\kannon100\028\原文028.txt,第二十八凶 /  / 第二十八凶 / 日文漢字 / 日文漢字 / 意速無船渡,http://www.chance.org.tw/籤詩集/淺草金龍山觀音寺一百籤/籤詩網‧淺草金龍山觀音寺一百籤__第028籤.htm
29,第二十九吉,http://www.chance.org.tw/籤詩集/淺草金龍山觀音寺一百籤/淺草金龍山觀音寺一百籤掃描圖片/淺草金龍山觀音寺一百籤029a.jpg,http://www.chance.org.tw/籤詩集/淺草金龍山觀音寺一百籤/淺草金龍山觀音寺一百籤掃描圖片/淺草金龍山觀音寺一百籤029b.jpg,C:\Users\Nicol\musiam-front\src\data\kannon100\029\原文029.txt,第二十九吉 /  / 第二十九吉 / 日文漢字 / 日文漢字 / 憂轗漸消融,http://www.chance.org.tw/籤詩集/淺草金龍山觀音寺一百籤/籤詩網‧淺草金龍山觀音寺一百籤__第029籤.htm
30,第三十半吉,http://www.chance.org.tw/籤詩集/淺草金龍山觀音寺一百籤/淺草金龍山觀音寺一百籤掃描圖片/淺草金龍山觀音寺一百籤030a.jpg,http://www.chance.org.tw/籤詩集/淺草金龍山觀音寺一百籤/淺草金龍山觀音寺一百籤掃描圖片/淺草金龍山觀音寺一百籤030b.jpg,C:\Users\Nicol\musiam-front\src\data\kannon100\030\原文030.txt,第三十半吉 /  / 第三十半吉 / 日文漢字 / 日文漢字 / 仙鶴立高枝,http://www.chance.org.tw/籤詩集/淺草金龍山觀音寺一百籤/籤詩網‧淺草金龍山觀音寺一百籤__第030籤.htm
31,第三十一末吉,http://www.chance.org.tw/籤詩集/淺草金龍山觀音寺一百籤/淺草金龍山觀音寺一百籤掃描圖片/淺草金龍山觀音寺一百籤031a.jpg,http://www.chance.org.tw/籤詩集/淺草金龍山觀音寺一百籤/淺草金龍山觀音寺一百籤掃描圖片/淺草金龍山觀音寺一百籤031b.jpg,C:\Users\Nicol\musiam-front\src\data\kannon100\031\原文031.txt,第三十一末吉 /  / 第三十一末吉 / 日文漢字 / 日文漢字 / 鯤鯨未變時,http://www.chance.org.tw/籤詩集/淺草金龍山觀音寺一百籤/籤詩網‧淺草金龍山觀音寺一百籤__第031籤.htm
32,第三十二吉,http://www.chance.org.tw/籤詩集/淺草金龍山觀音寺一百籤/淺草金龍山觀音寺一百籤掃描圖片/淺草金龍山觀音寺一百籤032a.jpg,http://www.chance.org.tw/籤詩集/淺草金龍山觀音寺一百籤/淺草金龍山觀音寺一百籤掃描圖片/淺草金龍山觀音寺一百籤032b.jpg,C:\Users\Nicol\musiam-front\src\data\kannon100\032\原文032.txt,第三十二吉 /  / 第三十二吉 / 日文漢字 / 日文漢字 / 似玉藏深石,http://www.chance.org.tw/籤詩集/淺草金龍山觀音寺一百籤/籤詩網‧淺草金龍山觀音寺一百籤__第032籤.htm
33,第三十三吉,http://www.chance.org.tw/籤詩集/淺草金龍山觀音寺一百籤/淺草金龍山觀音寺一百籤掃描圖片/淺草金龍山觀音寺一百籤033a.jpg,http://www.chance.org.tw/籤詩集/淺草金龍山觀音寺一百籤/淺草金龍山觀音寺一百籤掃描圖片/淺草金龍山觀音寺一百籤033b.jpg,C:\Users\Nicol\musiam-front\src\data\kannon100\033\原文033.txt,第三十三吉 /  / 第三十三吉 / 日文漢字 / 日文漢字 / 枯木逢春艷,http://www.chance.org.tw/籤詩集/淺草金龍山觀音寺一百籤/籤詩網‧淺草金龍山觀音寺一百籤__第033籤.htm
34,第三十四吉,http://www.chance.org.tw/籤詩集/淺草金龍山觀音寺一百籤/淺草金龍山觀音寺一百籤掃描圖片/淺草金龍山觀音寺一百籤034a.jpg,http://www.chance.org.tw/籤詩集/淺草金龍山觀音寺一百籤/淺草金龍山觀音寺一百籤掃描圖片/淺草金龍山觀音寺一百籤034b.jpg,C:\Users\Nicol\musiam-front\src\data\kannon100\034\原文034.txt,第三十四吉 /  / 第三十四吉 / 日文漢字 / 日文漢字 / 臘木春將至,http://www.chance.org.tw/籤詩集/淺草金龍山觀音寺一百籤/籤詩網‧淺草金龍山觀音寺一百籤__第034籤.htm
35,第三十五吉,http://www.chance.org.tw/籤詩集/淺草金龍山觀音寺一百籤/淺草金龍山觀音寺一百籤掃描圖片/淺草金龍山觀音寺一百籤035a.jpg,http://www.chance.org.tw/籤詩集/淺草金龍山觀音寺一百籤/淺草金龍山觀音寺一百籤掃描圖片/淺草金龍山觀音寺一百籤035b.jpg,C:\Users\Nicol\musiam-front\src\data\kannon100\035\原文035.txt,第三十五吉 /  / 第三十五吉 / 日文漢字 / 日文漢字 / 射鹿須乘箭,http://www.chance.org.tw/籤詩集/淺草金龍山觀音寺一百籤/籤詩網‧淺草金龍山觀音寺一百籤__第035籤.htm
36,第三十六末吉,http://www.chance.org.tw/籤詩集/淺草金龍山觀音寺一百籤/淺草金龍山觀音寺一百籤掃描圖片/淺草金龍山觀音寺一百籤036a.jpg,http://www.chance.org.tw/籤詩集/淺草金龍山觀音寺一百籤/淺草金龍山觀音寺一百籤掃描圖片/淺草金龍山觀音寺一百籤036b.jpg,C:\Users\Nicol\musiam-front\src\data\kannon100\036\原文036.txt,第三十六末吉 /  / 第三十六末吉 / 日文漢字 / 日文漢字 / 先損後有益,http://www.chance.org.tw/籤詩集/淺草金龍山觀音寺一百籤/籤詩網‧淺草金龍山觀音寺一百籤__第036籤.htm
37,第三十七半吉,http://www.chance.org.tw/籤詩集/淺草金龍山觀音寺一百籤/淺草金龍山觀音寺一百籤掃描圖片/淺草金龍山觀音寺一百籤037a.jpg,http://www.chance.org.tw/籤詩集/淺草金龍山觀音寺一百籤/淺草金龍山觀音寺一百籤掃描圖片/淺草金龍山觀音寺一百籤037b.jpg,C:\Users\Nicol\musiam-front\src\data\kannon100\037\原文037.txt,第三十七半吉 /  / 第三十七半吉 / 日文漢字 / 日文漢字 / 陰靉未能通,http://www.chance.org.tw/籤詩集/淺草金龍山觀音寺一百籤/籤詩網‧淺草金龍山觀音寺一百籤__第037籤.htm
38,第三十八半吉,http://www.chance.org.tw/籤詩集/淺草金龍山觀音寺一百籤/淺草金龍山觀音寺一百籤掃描圖片/淺草金龍山觀音寺一百籤038a.jpg,http://www.chance.org.tw/籤詩集/淺草金龍山觀音寺一百籤/淺草金龍山觀音寺一百籤掃描圖片/淺草金龍山觀音寺一百籤038b.jpg,C:\Users\Nicol\musiam-front\src\data\kannon100\038\原文038.txt,第三十八半吉 /  / 第三十八半吉 / 日文漢字 / 日文漢字 / 月照天書靜,http://www.chance.org.tw/籤詩集/淺草金龍山觀音寺一百籤/籤詩網‧淺草金龍山觀音寺一百籤__第038籤.htm
39,第三十九凶,http://www.chance.org.tw/籤詩集/淺草金龍山觀音寺一百籤/淺草金龍山觀音寺一百籤掃描圖片/淺草金龍山觀音寺一百籤039a.jpg,http://www.chance.org.tw/籤詩集/淺草金龍山觀音寺一百籤/淺草金龍山觀音寺一百籤掃描圖片/淺草金龍山觀音寺一百籤039b.jpg,C:\Users\Nicol\musiam-front\src\data\kannon100\039\原文039.txt,第三十九凶 /  / 第三十九凶 / 日文漢字 / 日文漢字 / 望用方心腹,http://www.chance.org.tw/籤詩集/淺草金龍山觀音寺一百籤/籤詩網‧淺草金龍山觀音寺一百籤__第039籤.htm
40,第四十末小吉,http://www.chance.org.tw/籤詩集/淺草金龍山觀音寺一百籤/淺草金龍山觀音寺一百籤掃描圖片/淺草金龍山觀音寺一百籤040a.jpg,http://www.chance.org.tw/籤詩集/淺草金龍山觀音寺一百籤/淺草金龍山觀音寺一百籤掃描圖片/淺草金龍山觀音寺一百籤040b.jpg,C:\Users\Nicol\musiam-front\src\data\kannon100\040\原文040.txt,第四十末小吉 /  / 第四十末小吉 / 日文漢字 / 日文漢字 / 中正方成道,http://www.chance.org.tw/籤詩集/淺草金龍山觀音寺一百籤/籤詩網‧淺草金龍山觀音寺一百籤__第040籤.htm
41,第四十一末吉,http://www.chance.org.tw/籤詩集/淺草金龍山觀音寺一百籤/淺草金龍山觀音寺一百籤掃描圖片/淺草金龍山觀音寺一百籤041a.jpg,http://www.chance.org.tw/籤詩集/淺草金龍山觀音寺一百籤/淺草金龍山觀音寺一百籤掃描圖片/淺草金龍山觀音寺一百籤041b.jpg,C:\Users\Nicol\musiam-front\src\data\kannon100\041\原文041.txt,第四十一末吉 /  / 第四十一末吉 / 日文漢字 / 日文漢字 / 有物不周旋,http://www.chance.org.tw/籤詩集/淺草金龍山觀音寺一百籤/籤詩網‧淺草金龍山觀音寺一百籤__第041籤.htm
42,第四十二吉,http://www.chance.org.tw/籤詩集/淺草金龍山觀音寺一百籤/淺草金龍山觀音寺一百籤掃描圖片/淺草金龍山觀音寺一百籤042a.jpg,http://www.chance.org.tw/籤詩集/淺草金龍山觀音寺一百籤/淺草金龍山觀音寺一百籤掃描圖片/淺草金龍山觀音寺一百籤042b.jpg,C:\Users\Nicol\musiam-front\src\data\kannon100\042\原文042.txt,第四十二吉 /  / 第四十二吉 / 日文漢字 / 日文漢字 / 桂華春將到,http://www.chance.org.tw/籤詩集/淺草金龍山觀音寺一百籤/籤詩網‧淺草金龍山觀音寺一百籤__第042籤.htm
43,第四十三吉,http://www.chance.org.tw/籤詩集/淺草金龍山觀音寺一百籤/淺草金龍山觀音寺一百籤掃描圖片/淺草金龍山觀音寺一百籤043a.jpg,http://www.chance.org.tw/籤詩集/淺草金龍山觀音寺一百籤/淺草金龍山觀音寺一百籤掃描圖片/淺草金龍山觀音寺一百籤043b.jpg,C:\Users\Nicol\musiam-front\src\data\kannon100\043\原文043.txt,第四十三吉 /  / 第四十三吉 / 日文漢字 / 日文漢字 / 月桂將相滿,http://www.chance.org.tw/籤詩集/淺草金龍山觀音寺一百籤/籤詩網‧淺草金龍山觀音寺一百籤__第043籤.htm
44,第四十四吉,http://www.chance.org.tw/籤詩集/淺草金龍山觀音寺一百籤/淺草金龍山觀音寺一百籤掃描圖片/淺草金龍山觀音寺一百籤044a.jpg,http://www.chance.org.tw/籤詩集/淺草金龍山觀音寺一百籤/淺草金龍山觀音寺一百籤掃描圖片/淺草金龍山觀音寺一百籤044b.jpg,C:\Users\Nicol\musiam-front\src\data\kannon100\044\原文044.txt,第四十四吉 /  / 第四十四吉 / 日文漢字 / 日文漢字 / 盤中黑白子,http://www.chance.org.tw/籤詩集/淺草金龍山觀音寺一百籤/籤詩網‧淺草金龍山觀音寺一百籤__第044籤.htm
45,第四十五吉,http://www.chance.org.tw/籤詩集/淺草金龍山觀音寺一百籤/淺草金龍山觀音寺一百籤掃描圖片/淺草金龍山觀音寺一百籤045a.jpg,http://www.chance.org.tw/籤詩集/淺草金龍山觀音寺一百籤/淺草金龍山觀音寺一百籤掃描圖片/淺草金龍山觀音寺一百籤045b.jpg,C:\Users\Nicol\musiam-front\src\data\kannon100\045\原文045.txt,第四十五吉 /  / 第四十五吉 / 日文漢字 / 日文漢字 / 有意興高顯,http://www.chance.org.tw/籤詩集/淺草金龍山觀音寺一百籤/籤詩網‧淺草金龍山觀音寺一百籤__第045籤.htm
46,第四十六凶,http://www.chance.org.tw/籤詩集/淺草金龍山觀音寺一百籤/淺草金龍山觀音寺一百籤掃描圖片/淺草金龍山觀音寺一百籤046a.jpg,http://www.chance.org.tw/籤詩集/淺草金龍山觀音寺一百籤/淺草金龍山觀音寺一百籤掃描圖片/淺草金龍山觀音寺一百籤046b.jpg,C:\Users\Nicol\musiam-front\src\data\kannon100\046\原文046.txt,第四十六凶 /  / 第四十六凶 / 日文漢字 / 日文漢字 / 雷發震天昏,http://www.chance.org.tw/籤詩集/淺草金龍山觀音寺一百籤/籤詩網‧淺草金龍山觀音寺一百籤__第046籤.htm
47,第四十七吉,http://www.chance.org.tw/籤詩集/淺草金龍山觀音寺一百籤/[異體字]__去.jpg,http://www.chance.org.tw/籤詩集/淺草金龍山觀音寺一百籤/淺草金龍山觀音寺一百籤掃描圖片/淺草金龍山觀音寺一百籤047a.jpg,C:\Users\Nicol\musiam-front\src\data\kannon100\047\原文047.txt,第四十七吉 /  / 第四十七吉 / 日文漢字 / 日文漢字 / 更望身前立,http://www.chance.org.tw/籤詩集/淺草金龍山觀音寺一百籤/籤詩網‧淺草金龍山觀音寺一百籤__第047籤.htm
48,第四十八小吉,http://www.chance.org.tw/籤詩集/淺草金龍山觀音寺一百籤/淺草金龍山觀音寺一百籤掃描圖片/淺草金龍山觀音寺一百籤048a.jpg,http://www.chance.org.tw/籤詩集/淺草金龍山觀音寺一百籤/淺草金龍山觀音寺一百籤掃描圖片/淺草金龍山觀音寺一百籤048b.jpg,C:\Users\Nicol\musiam-front\src\data\kannon100\048\原文048.txt,第四十八小吉 /  / 第四十八小吉 / 日文漢字 / 日文漢字 / 見祿隔前溪,http://www.chance.org.tw/籤詩集/淺草金龍山觀音寺一百籤/籤詩網‧淺草金龍山觀音寺一百籤__第048籤.htm
49,第四十九吉,http://www.chance.org.tw/籤詩集/淺草金龍山觀音寺一百籤/淺草金龍山觀音寺一百籤掃描圖片/淺草金龍山觀音寺一百籤049a.jpg,http://www.chance.org.tw/籤詩集/淺草金龍山觀音寺一百籤/淺草金龍山觀音寺一百籤掃描圖片/淺草金龍山觀音寺一百籤049b.jpg,C:\Users\Nicol\musiam-front\src\data\kannon100\049\原文049.txt,第四十九吉 /  / 第四十九吉 / 日文漢字 / 日文漢字 / 正好中秋月,http://www.chance.org.tw/籤詩集/淺草金龍山觀音寺一百籤/籤詩網‧淺草金龍山觀音寺一百籤__第049籤.htm
50,第五十吉,http://www.chance.org.tw/籤詩集/淺草金龍山觀音寺一百籤/[異體字]__達.jpg,http://www.chance.org.tw/籤詩集/淺草金龍山觀音寺一百籤/淺草金龍山觀音寺一百籤掃描圖片/淺草金龍山觀音寺一百籤050a.jpg,C:\Users\Nicol\musiam-front\src\data\kannon100\050\原文050.txt,第五十吉 /  / 第五十吉 / 日文漢字 / 日文漢字 / 有達宜更變,http://www.chance.org.tw/籤詩集/淺草金龍山觀音寺一百籤/籤詩網‧淺草金龍山觀音寺一百籤__第050籤.htm
51,第五十一吉,http://www.chance.org.tw/籤詩集/淺草金龍山觀音寺一百籤/淺草金龍山觀音寺一百籤掃描圖片/淺草金龍山觀音寺一百籤051a.jpg,http://www.chance.org.tw/籤詩集/淺草金龍山觀音寺一百籤/淺草金龍山觀音寺一百籤掃描圖片/淺草金龍山觀音寺一百籤051b.jpg,C:\Users\Nicol\musiam-front\src\data\kannon100\051\原文051.txt,第五十一吉 /  / 第五十一吉 / 日文漢字 / 日文漢字 / 修進甚功辛,http://www.chance.org.tw/籤詩集/淺草金龍山觀音寺一百籤/籤詩網‧淺草金龍山觀音寺一百籤__第051籤.htm
52,第五十二凶,http://www.chance.org.tw/籤詩集/淺草金龍山觀音寺一百籤/004.jpg,http://www.chance.org.tw/籤詩集/淺草金龍山觀音寺一百籤/淺草金龍山觀音寺一百籤掃描圖片/淺草金龍山觀音寺一百籤052a.jpg,C:\Users\Nicol\musiam-front\src\data\kannon100\052\原文052.txt,第五十二凶 /  / 第五十二凶 / 日文漢字 / 日文漢字 / 有僭須惹訟,http://www.chance.org.tw/籤詩集/淺草金龍山觀音寺一百籤/籤詩網‧淺草金龍山觀音寺一百籤__第052籤.htm
53,第五十三吉,http://www.chance.org.tw/籤詩集/淺草金龍山觀音寺一百籤/淺草金龍山觀音寺一百籤掃描圖片/淺草金龍山觀音寺一百籤053a.jpg,http://www.chance.org.tw/籤詩集/淺草金龍山觀音寺一百籤/淺草金龍山觀音寺一百籤掃描圖片/淺草金龍山觀音寺一百籤053b.jpg,C:\Users\Nicol\musiam-front\src\data\kannon100\053\原文053.txt,第五十三吉 /  / 第五十三吉 / 日文漢字 / 日文漢字 / 久困漸能安,http://www.chance.org.tw/籤詩集/淺草金龍山觀音寺一百籤/籤詩網‧淺草金龍山觀音寺一百籤__第053籤.htm
54,第五十四凶,http://www.chance.org.tw/籤詩集/淺草金龍山觀音寺一百籤/淺草金龍山觀音寺一百籤掃描圖片/淺草金龍山觀音寺一百籤054a.jpg,http://www.chance.org.tw/籤詩集/淺草金龍山觀音寺一百籤/淺草金龍山觀音寺一百籤掃描圖片/淺草金龍山觀音寺一百籤054b.jpg,C:\Users\Nicol\musiam-front\src\data\kannon100\054\原文054.txt,第五十四凶 /  / 第五十四凶 / 日文漢字 / 日文漢字 / 身同意不同,http://www.chance.org.tw/籤詩集/淺草金龍山觀音寺一百籤/籤詩網‧淺草金龍山觀音寺一百籤__第054籤.htm
55,第五十五吉,http://www.chance.org.tw/籤詩集/淺草金龍山觀音寺一百籤/淺草金龍山觀音寺一百籤掃描圖片/淺草金龍山觀音寺一百籤055a.jpg,http://www.chance.org.tw/籤詩集/淺草金龍山觀音寺一百籤/淺草金龍山觀音寺一百籤掃描圖片/淺草金龍山觀音寺一百籤055b.jpg,C:\Users\Nicol\musiam-front\src\data\kannon100\055\原文055.txt,第五十五吉 /  / 第五十五吉 / 日文漢字 / 日文漢字 / 雲散月重明,http://www.chance.org.tw/籤詩集/淺草金龍山觀音寺一百籤/籤詩網‧淺草金龍山觀音寺一百籤__第055籤.htm
56,第五十六末小吉,http://www.chance.org.tw/籤詩集/淺草金龍山觀音寺一百籤/淺草金龍山觀音寺一百籤掃描圖片/淺草金龍山觀音寺一百籤056a.jpg,http://www.chance.org.tw/籤詩集/淺草金龍山觀音寺一百籤/淺草金龍山觀音寺一百籤掃描圖片/淺草金龍山觀音寺一百籤056b.jpg,C:\Users\Nicol\musiam-front\src\data\kannon100\056\原文056.txt,第五十六末小吉 /  / 第五十六末小吉 / 日文漢字 / 日文漢字 / 生涯喜又憂,http://www.chance.org.tw/籤詩集/淺草金龍山觀音寺一百籤/籤詩網‧淺草金龍山觀音寺一百籤__第056籤.htm
57,第五十七吉,http://www.chance.org.tw/籤詩集/淺草金龍山觀音寺一百籤/淺草金龍山觀音寺一百籤掃描圖片/淺草金龍山觀音寺一百籤057a.jpg,http://www.chance.org.tw/籤詩集/淺草金龍山觀音寺一百籤/淺草金龍山觀音寺一百籤掃描圖片/淺草金龍山觀音寺一百籤057b.jpg,C:\Users\Nicol\musiam-front\src\data\kannon100\057\原文057.txt,第五十七吉 /  / 第五十七吉 / 日文漢字 / 日文漢字 / 欲渡長江闊,http://www.chance.org.tw/籤詩集/淺草金龍山觀音寺一百籤/籤詩網‧淺草金龍山觀音寺一百籤__第057籤.htm
58,第五十八凶,http://www.chance.org.tw/籤詩集/淺草金龍山觀音寺一百籤/淺草金龍山觀音寺一百籤掃描圖片/淺草金龍山觀音寺一百籤058a.jpg,http://www.chance.org.tw/籤詩集/淺草金龍山觀音寺一百籤/淺草金龍山觀音寺一百籤掃描圖片/淺草金龍山觀音寺一百籤058b.jpg,C:\Users\Nicol\musiam-front\src\data\kannon100\058\原文058.txt,第五十八凶 /  / 第五十八凶 / 日文漢字 / 日文漢字 / 有徑江海隔,http://www.chance.org.tw/籤詩集/淺草金龍山觀音寺一百籤/籤詩網‧淺草金龍山觀音寺一百籤__第058籤.htm
59,第五十九凶,http://www.chance.org.tw/籤詩集/淺草金龍山觀音寺一百籤/淺草金龍山觀音寺一百籤掃描圖片/淺草金龍山觀音寺一百籤059a.jpg,http://www.chance.org.tw/籤詩集/淺草金龍山觀音寺一百籤/淺草金龍山觀音寺一百籤掃描圖片/淺草金龍山觀音寺一百籤059b.jpg,C:\Users\Nicol\musiam-front\src\data\kannon100\059\原文059.txt,第五十九凶 /  / 第五十九凶 / 日文漢字 / 日文漢字 / 去住心無定,http://www.chance.org.tw/籤詩集/淺草金龍山觀音寺一百籤/籤詩網‧淺草金龍山觀音寺一百籤__第059籤.htm
60,第六十小吉,http://www.chance.org.tw/籤詩集/淺草金龍山觀音寺一百籤/淺草金龍山觀音寺一百籤掃描圖片/淺草金龍山觀音寺一百籤060a.jpg,http://www.chance.org.tw/籤詩集/淺草金龍山觀音寺一百籤/淺草金龍山觀音寺一百籤掃描圖片/淺草金龍山觀音寺一百籤060b.jpg,C:\Users\Nicol\musiam-front\src\data\kannon100\060\原文060.txt,第六十小吉 /  / 第六十小吉 / 日文漢字 / 日文漢字 / 高危安可涉,http://www.chance.org.tw/籤詩集/淺草金龍山觀音寺一百籤/籤詩網‧淺草金龍山觀音寺一百籤__第060籤.htm
61,第六十一半吉,http://www.chance.org.tw/籤詩集/淺草金龍山觀音寺一百籤/004.jpg,http://www.chance.org.tw/籤詩集/淺草金龍山觀音寺一百籤/淺草金龍山觀音寺一百籤掃描圖片/淺草金龍山觀音寺一百籤061a.jpg,C:\Users\Nicol\musiam-front\src\data\kannon100\061\原文061.txt,第六十一半吉 /  / 第六十一半吉 / 日文漢字 / 日文漢字 / 舊愆何日解,http://www.chance.org.tw/籤詩集/淺草金龍山觀音寺一百籤/籤詩網‧淺草金龍山觀音寺一百籤__第061籤.htm
62,第六十二大吉,http://www.chance.org.tw/籤詩集/淺草金龍山觀音寺一百籤/淺草金龍山觀音寺一百籤掃描圖片/淺草金龍山觀音寺一百籤062a.jpg,http://www.chance.org.tw/籤詩集/淺草金龍山觀音寺一百籤/淺草金龍山觀音寺一百籤掃描圖片/淺草金龍山觀音寺一百籤062b.jpg,C:\Users\Nicol\musiam-front\src\data\kannon100\062\原文062.txt,第六十二大吉 /  / 第六十二大吉 / 日文漢字 / 日文漢字 / 災轗時時退,http://www.chance.org.tw/籤詩集/淺草金龍山觀音寺一百籤/籤詩網‧淺草金龍山觀音寺一百籤__第062籤.htm
63,第六十三凶,http://www.chance.org.tw/籤詩集/淺草金龍山觀音寺一百籤/[異體字]__疏.jpg,http://www.chance.org.tw/籤詩集/淺草金龍山觀音寺一百籤/淺草金龍山觀音寺一百籤掃描圖片/淺草金龍山觀音寺一百籤063a.jpg,C:\Users\Nicol\musiam-front\src\data\kannon100\063\原文063.txt,第六十三凶 /  / 第六十三凶 / 日文漢字 / 日文漢字 / 何故生荊棘,http://www.chance.org.tw/籤詩集/淺草金龍山觀音寺一百籤/籤詩網‧淺草金龍山觀音寺一百籤__第063籤.htm
64,第六十四凶,http://www.chance.org.tw/籤詩集/淺草金龍山觀音寺一百籤/淺草金龍山觀音寺一百籤掃描圖片/淺草金龍山觀音寺一百籤064a.jpg,http://www.chance.org.tw/籤詩集/淺草金龍山觀音寺一百籤/淺草金龍山觀音寺一百籤掃描圖片/淺草金龍山觀音寺一百籤064b.jpg,C:\Users\Nicol\musiam-front\src\data\kannon100\064\原文064.txt,第六十四凶 /  / 第六十四凶 / 日文漢字 / 日文漢字 / 安居且慮危,http://www.chance.org.tw/籤詩集/淺草金龍山觀音寺一百籤/籤詩網‧淺草金龍山觀音寺一百籤__第064籤.htm
65,第六十五末吉,http://www.chance.org.tw/籤詩集/淺草金龍山觀音寺一百籤/淺草金龍山觀音寺一百籤掃描圖片/淺草金龍山觀音寺一百籤065a.jpg,http://www.chance.org.tw/籤詩集/淺草金龍山觀音寺一百籤/淺草金龍山觀音寺一百籤掃描圖片/淺草金龍山觀音寺一百籤065b.jpg,C:\Users\Nicol\musiam-front\src\data\kannon100\065\原文065.txt,第六十五末吉 /  / 第六十五末吉 / 日文漢字 / 日文漢字 / 苦病兼防辱,http://www.chance.org.tw/籤詩集/淺草金龍山觀音寺一百籤/籤詩網‧淺草金龍山觀音寺一百籤__第065籤.htm
66,第六十六凶,http://www.chance.org.tw/籤詩集/淺草金龍山觀音寺一百籤/淺草金龍山觀音寺一百籤掃描圖片/淺草金龍山觀音寺一百籤066a.jpg,http://www.chance.org.tw/籤詩集/淺草金龍山觀音寺一百籤/淺草金龍山觀音寺一百籤掃描圖片/淺草金龍山觀音寺一百籤066b.jpg,C:\Users\Nicol\musiam-front\src\data\kannon100\066\原文066.txt,第六十六凶 /  / 第六十六凶 / 日文漢字 / 日文漢字 / 水滯少波濤,http://www.chance.org.tw/籤詩集/淺草金龍山觀音寺一百籤/籤詩網‧淺草金龍山觀音寺一百籤__第066籤.htm
67,第六十七凶,http://www.chance.org.tw/籤詩集/淺草金龍山觀音寺一百籤/淺草金龍山觀音寺一百籤掃描圖片/淺草金龍山觀音寺一百籤067a.jpg,http://www.chance.org.tw/籤詩集/淺草金龍山觀音寺一百籤/淺草金龍山觀音寺一百籤掃描圖片/淺草金龍山觀音寺一百籤067b.jpg,C:\Users\Nicol\musiam-front\src\data\kannon100\067\原文067.txt,第六十七凶 /  / 第六十七凶 / 日文漢字 / 日文漢字 / 枯木未生枝,http://www.chance.org.tw/籤詩集/淺草金龍山觀音寺一百籤/籤詩網‧淺草金龍山觀音寺一百籤__第067籤.htm
68,第六十八吉,http://www.chance.org.tw/籤詩集/淺草金龍山觀音寺一百籤/淺草金龍山觀音寺一百籤掃描圖片/淺草金龍山觀音寺一百籤068a.jpg,http://www.chance.org.tw/籤詩集/淺草金龍山觀音寺一百籤/淺草金龍山觀音寺一百籤掃描圖片/淺草金龍山觀音寺一百籤068b.jpg,C:\Users\Nicol\musiam-front\src\data\kannon100\068\原文068.txt,第六十八吉 /  / 第六十八吉 / 日文漢字 / 日文漢字 / 異夢生英傑,http://www.chance.org.tw/籤詩集/淺草金龍山觀音寺一百籤/籤詩網‧淺草金龍山觀音寺一百籤__第068籤.htm
69,第六十九凶,http://www.chance.org.tw/籤詩集/淺草金龍山觀音寺一百籤/淺草金龍山觀音寺一百籤掃描圖片/淺草金龍山觀音寺一百籤069a.jpg,http://www.chance.org.tw/籤詩集/淺草金龍山觀音寺一百籤/淺草金龍山觀音寺一百籤掃描圖片/淺草金龍山觀音寺一百籤069b.jpg,C:\Users\Nicol\musiam-front\src\data\kannon100\069\原文069.txt,第六十九凶 /  / 第六十九凶 / 日文漢字 / 日文漢字 / 明月暗雲浮,http://www.chance.org.tw/籤詩集/淺草金龍山觀音寺一百籤/籤詩網‧淺草金龍山觀音寺一百籤__第069籤.htm
70,第七十凶,http://www.chance.org.tw/籤詩集/淺草金龍山觀音寺一百籤/淺草金龍山觀音寺一百籤掃描圖片/淺草金龍山觀音寺一百籤070a.jpg,http://www.chance.org.tw/籤詩集/淺草金龍山觀音寺一百籤/淺草金龍山觀音寺一百籤掃描圖片/淺草金龍山觀音寺一百籤070b.jpg,C:\Users\Nicol\musiam-front\src\data\kannon100\070\原文070.txt,第七十凶 /  / 第七十凶 / 日文漢字 / 日文漢字 / 雷發庭前草,http://www.chance.org.tw/籤詩集/淺草金龍山觀音寺一百籤/籤詩網‧淺草金龍山觀音寺一百籤__第070籤.htm
71,第七十一凶,http://www.chance.org.tw/籤詩集/淺草金龍山觀音寺一百籤/淺草金龍山觀音寺一百籤掃描圖片/淺草金龍山觀音寺一百籤071a.jpg,http://www.chance.org.tw/籤詩集/淺草金龍山觀音寺一百籤/淺草金龍山觀音寺一百籤掃描圖片/淺草金龍山觀音寺一百籤071b.jpg,C:\Users\Nicol\musiam-front\src\data\kannon100\071\原文071.txt,第七十一凶 /  / 第七十一凶 / 做徘徊思 / 日文漢字 / 日文漢字,http://www.chance.org.tw/籤詩集/淺草金龍山觀音寺一百籤/籤詩網‧淺草金龍山觀音寺一百籤__第071籤.htm
72,第七十二吉,http://www.chance.org.tw/籤詩集/淺草金龍山觀音寺一百籤/淺草金龍山觀音寺一百籤掃描圖片/淺草金龍山觀音寺一百籤072a.jpg,http://www.chance.org.tw/籤詩集/淺草金龍山觀音寺一百籤/淺草金龍山觀音寺一百籤掃描圖片/淺草金龍山觀音寺一百籤072b.jpg,C:\Users\Nicol\musiam-front\src\data\kannon100\072\原文072.txt,第七十二吉 /  / 第七十二吉 / 日文漢字 / 日文漢字 / 戶內防重厄,http://www.chance.org.tw/籤詩集/淺草金龍山觀音寺一百籤/籤詩網‧淺草金龍山觀音寺一百籤__第072籤.htm
73,第七十三吉,http://www.chance.org.tw/籤詩集/淺草金龍山觀音寺一百籤/淺草金龍山觀音寺一百籤掃描圖片/淺草金龍山觀音寺一百籤073a.jpg,http://www.chance.org.tw/籤詩集/淺草金龍山觀音寺一百籤/淺草金龍山觀音寺一百籤掃描圖片/淺草金龍山觀音寺一百籤073b.jpg,C:\Users\Nicol\musiam-front\src\data\kannon100\073\原文073.txt,第七十三吉 /  / 第七十三吉 / 日文漢字 / 日文漢字 / 久暗漸分明,http://www.chance.org.tw/籤詩集/淺草金龍山觀音寺一百籤/籤詩網‧淺草金龍山觀音寺一百籤__第073籤.htm
74,第七十四凶,http://www.chance.org.tw/籤詩集/淺草金龍山觀音寺一百籤/淺草金龍山觀音寺一百籤掃描圖片/淺草金龍山觀音寺一百籤074a.jpg,http://www.chance.org.tw/籤詩集/淺草金龍山觀音寺一百籤/淺草金龍山觀音寺一百籤掃描圖片/淺草金龍山觀音寺一百籤074b.jpg,C:\Users\Nicol\musiam-front\src\data\kannon100\074\原文074.txt,第七十四凶 /  / 第七十四凶 / 日文漢字 / 日文漢字 / 蛇虎正交羅,http://www.chance.org.tw/籤詩集/淺草金龍山觀音寺一百籤/籤詩網‧淺草金龍山觀音寺一百籤__第074籤.htm
75,第七十五凶,http://www.chance.org.tw/籤詩集/淺草金龍山觀音寺一百籤/淺草金龍山觀音寺一百籤掃描圖片/淺草金龍山觀音寺一百籤075a.jpg,http://www.chance.org.tw/籤詩集/淺草金龍山觀音寺一百籤/淺草金龍山觀音寺一百籤掃描圖片/淺草金龍山觀音寺一百籤075b.jpg,C:\Users\Nicol\musiam-front\src\data\kannon100\075\原文075.txt,第七十五凶 /  / 第七十五凶 / 日文漢字 / 日文漢字 / 孤舟欲過岸,http://www.chance.org.tw/籤詩集/淺草金龍山觀音寺一百籤/籤詩網‧淺草金龍山觀音寺一百籤__第075籤.htm
76,第七十六吉,http://www.chance.org.tw/籤詩集/淺草金龍山觀音寺一百籤/淺草金龍山觀音寺一百籤掃描圖片/淺草金龍山觀音寺一百籤076a.jpg,http://www.chance.org.tw/籤詩集/淺草金龍山觀音寺一百籤/淺草金龍山觀音寺一百籤掃描圖片/淺草金龍山觀音寺一百籤076b.jpg,C:\Users\Nicol\musiam-front\src\data\kannon100\076\原文076.txt,第七十六吉 /  / 第七十六吉 / 日文漢字 / 日文漢字 / 富貴天之祐,http://www.chance.org.tw/籤詩集/淺草金龍山觀音寺一百籤/籤詩網‧淺草金龍山觀音寺一百籤__第076籤.htm
77,第七十七凶,http://www.chance.org.tw/籤詩集/淺草金龍山觀音寺一百籤/淺草金龍山觀音寺一百籤掃描圖片/淺草金龍山觀音寺一百籤077a.jpg,http://www.chance.org.tw/籤詩集/淺草金龍山觀音寺一百籤/淺草金龍山觀音寺一百籤掃描圖片/淺草金龍山觀音寺一百籤077b.jpg,C:\Users\Nicol\musiam-front\src\data\kannon100\077\原文077.txt,第七十七凶 /  / 第七十七凶 / 日文漢字 / 日文漢字 / 累滯未能穌,http://www.chance.org.tw/籤詩集/淺草金龍山觀音寺一百籤/籤詩網‧淺草金龍山觀音寺一百籤__第077籤.htm
78,第七十八大吉,http://www.chance.org.tw/籤詩集/淺草金龍山觀音寺一百籤/淺草金龍山觀音寺一百籤掃描圖片/淺草金龍山觀音寺一百籤078a.jpg,http://www.chance.org.tw/籤詩集/淺草金龍山觀音寺一百籤/淺草金龍山觀音寺一百籤掃描圖片/淺草金龍山觀音寺一百籤078b.jpg,C:\Users\Nicol\musiam-front\src\data\kannon100\078\原文078.txt,第七十八大吉 /  / 第七十八大吉 / 日文漢字 / 日文漢字 / 但存公道正,http://www.chance.org.tw/籤詩集/淺草金龍山觀音寺一百籤/籤詩網‧淺草金龍山觀音寺一百籤__第078籤.htm
79,第七十九吉,http://www.chance.org.tw/籤詩集/淺草金龍山觀音寺一百籤/淺草金龍山觀音寺一百籤掃描圖片/淺草金龍山觀音寺一百籤079a.jpg,http://www.chance.org.tw/籤詩集/淺草金龍山觀音寺一百籤/淺草金龍山觀音寺一百籤掃描圖片/淺草金龍山觀音寺一百籤079b.jpg,C:\Users\Nicol\musiam-front\src\data\kannon100\079\原文079.txt,第七十九吉 /  / 第七十九吉 / 日文漢字 / 日文漢字 / 殘月未還光,http://www.chance.org.tw/籤詩集/淺草金龍山觀音寺一百籤/籤詩網‧淺草金龍山觀音寺一百籤__第079籤.htm
80,第八十大吉,http://www.chance.org.tw/籤詩集/淺草金龍山觀音寺一百籤/淺草金龍山觀音寺一百籤掃描圖片/淺草金龍山觀音寺一百籤080a.jpg,http://www.chance.org.tw/籤詩集/淺草金龍山觀音寺一百籤/淺草金龍山觀音寺一百籤掃描圖片/淺草金龍山觀音寺一百籤080b.jpg,C:\Users\Nicol\musiam-front\src\data\kannon100\080\原文080.txt,第八十大吉 /  / 第八十大吉 / 日文漢字 / 日文漢字 / 深山多養道,http://www.chance.org.tw/籤詩集/淺草金龍山觀音寺一百籤/籤詩網‧淺草金龍山觀音寺一百籤__第080籤.htm
81,第八十一小吉,http://www.chance.org.tw/籤詩集/淺草金龍山觀音寺一百籤/淺草金龍山觀音寺一百籤掃描圖片/淺草金龍山觀音寺一百籤081a.jpg,http://www.chance.org.tw/籤詩集/淺草金龍山觀音寺一百籤/淺草金龍山觀音寺一百籤掃描圖片/淺草金龍山觀音寺一百籤081b.jpg,C:\Users\Nicol\musiam-front\src\data\kannon100\081\原文081.txt,第八十一小吉 /  / 第八十一小吉 / 日文漢字 / 日文漢字 / 道合須成合,http://www.chance.org.tw/籤詩集/淺草金龍山觀音寺一百籤/籤詩網‧淺草金龍山觀音寺一百籤__第081籤.htm
82,第八十二凶,http://www.chance.org.tw/籤詩集/淺草金龍山觀音寺一百籤/004.jpg,http://www.chance.org.tw/籤詩集/淺草金龍山觀音寺一百籤/[異體字]__船.jpg,C:\Users\Nicol\musiam-front\src\data\kannon100\082\原文082.txt,第八十二凶 /  / 第八十二凶 / 日文漢字 / 日文漢字 / 火發應連天,http://www.chance.org.tw/籤詩集/淺草金龍山觀音寺一百籤/籤詩網‧淺草金龍山觀音寺一百籤__第082籤.htm
83,第八十三凶,http://www.chance.org.tw/籤詩集/淺草金龍山觀音寺一百籤/淺草金龍山觀音寺一百籤掃描圖片/淺草金龍山觀音寺一百籤083a.jpg,http://www.chance.org.tw/籤詩集/淺草金龍山觀音寺一百籤/淺草金龍山觀音寺一百籤掃描圖片/淺草金龍山觀音寺一百籤083b.jpg,C:\Users\Nicol\musiam-front\src\data\kannon100\083\原文083.txt,第八十三凶 /  / 第八十三凶 / 日文漢字 / 日文漢字 / 舉步出雲端,http://www.chance.org.tw/籤詩集/淺草金龍山觀音寺一百籤/籤詩網‧淺草金龍山觀音寺一百籤__第083籤.htm
84,第八十四凶,http://www.chance.org.tw/籤詩集/淺草金龍山觀音寺一百籤/淺草金龍山觀音寺一百籤掃描圖片/淺草金龍山觀音寺一百籤084a.jpg,http://www.chance.org.tw/籤詩集/淺草金龍山觀音寺一百籤/淺草金龍山觀音寺一百籤掃描圖片/淺草金龍山觀音寺一百籤084b.jpg,C:\Users\Nicol\musiam-front\src\data\kannon100\084\原文084.txt,第八十四凶 /  / 第八十四凶 / 日文漢字 / 日文漢字 / 否極方無泰,http://www.chance.org.tw/籤詩集/淺草金龍山觀音寺一百籤/籤詩網‧淺草金龍山觀音寺一百籤__第084籤.htm
85,第八十五大吉,http://www.chance.org.tw/籤詩集/淺草金龍山觀音寺一百籤/淺草金龍山觀音寺一百籤掃描圖片/淺草金龍山觀音寺一百籤085a.jpg,http://www.chance.org.tw/籤詩集/淺草金龍山觀音寺一百籤/淺草金龍山觀音寺一百籤掃描圖片/淺草金龍山觀音寺一百籤085b.jpg,C:\Users\Nicol\musiam-front\src\data\kannon100\085\原文085.txt,第八十五大吉 /  / 第八十五大吉 / 日文漢字 / 日文漢字 / 第八十五大吉,http://www.chance.org.tw/籤詩集/淺草金龍山觀音寺一百籤/籤詩網‧淺草金龍山觀音寺一百籤__第085籤.htm
86,第八十六大吉,http://www.chance.org.tw/籤詩集/淺草金龍山觀音寺一百籤/淺草金龍山觀音寺一百籤掃描圖片/淺草金龍山觀音寺一百籤086a.jpg,http://www.chance.org.tw/籤詩集/淺草金龍山觀音寺一百籤/淺草金龍山觀音寺一百籤掃描圖片/淺草金龍山觀音寺一百籤086b.jpg,C:\Users\Nicol\musiam-front\src\data\kannon100\086\原文086.txt,第八十六大吉 /  / 第八十六大吉 / 日文漢字 / 日文漢字 / 花發應陽臺,http://www.chance.org.tw/籤詩集/淺草金龍山觀音寺一百籤/籤詩網‧淺草金龍山觀音寺一百籤__第086籤.htm
87,第八十七大吉,http://www.chance.org.tw/籤詩集/淺草金龍山觀音寺一百籤/淺草金龍山觀音寺一百籤掃描圖片/淺草金龍山觀音寺一百籤087a.jpg,http://www.chance.org.tw/籤詩集/淺草金龍山觀音寺一百籤/淺草金龍山觀音寺一百籤掃描圖片/淺草金龍山觀音寺一百籤087b.jpg,C:\Users\Nicol\musiam-front\src\data\kannon100\087\原文087.txt,第八十七大吉 /  / 第八十七大吉 / 日文漢字 / 日文漢字 / 鑿石方逢玉,http://www.chance.org.tw/籤詩集/淺草金龍山觀音寺一百籤/籤詩網‧淺草金龍山觀音寺一百籤__第087籤.htm
88,第八十八凶,http://www.chance.org.tw/籤詩集/淺草金龍山觀音寺一百籤/淺草金龍山觀音寺一百籤掃描圖片/淺草金龍山觀音寺一百籤088a.jpg,http://www.chance.org.tw/籤詩集/淺草金龍山觀音寺一百籤/淺草金龍山觀音寺一百籤掃描圖片/淺草金龍山觀音寺一百籤088b.jpg,C:\Users\Nicol\musiam-front\src\data\kannon100\088\原文088.txt,第八十八凶 /  / 第八十八凶 / 日文漢字 / 日文漢字 / 作事不和同,http://www.chance.org.tw/籤詩集/淺草金龍山觀音寺一百籤/籤詩網‧淺草金龍山觀音寺一百籤__第088籤.htm
89,第八十九大吉,http://www.chance.org.tw/籤詩集/淺草金龍山觀音寺一百籤/淺草金龍山觀音寺一百籤掃描圖片/淺草金龍山觀音寺一百籤089a.jpg,http://www.chance.org.tw/籤詩集/淺草金龍山觀音寺一百籤/淺草金龍山觀音寺一百籤掃描圖片/淺草金龍山觀音寺一百籤089b.jpg,C:\Users\Nicol\musiam-front\src\data\kannon100\089\原文089.txt,第八十九大吉 /  / 第八十九大吉 / 日文漢字 / 日文漢字 / 一片無瑕玉,http://www.chance.org.tw/籤詩集/淺草金龍山觀音寺一百籤/籤詩網‧淺草金龍山觀音寺一百籤__第089籤.htm
90,第九十大吉,http://www.chance.org.tw/籤詩集/淺草金龍山觀音寺一百籤/淺草金龍山觀音寺一百籤掃描圖片/淺草金龍山觀音寺一百籤090a.jpg,http://www.chance.org.tw/籤詩集/淺草金龍山觀音寺一百籤/淺草金龍山觀音寺一百籤掃描圖片/淺草金龍山觀音寺一百籤090b.jpg,C:\Users\Nicol\musiam-front\src\data\kannon100\090\原文090.txt,第九十大吉 /  / 第九十大吉 / 日文漢字 / 日文漢字 / 一信向天飛,http://www.chance.org.tw/籤詩集/淺草金龍山觀音寺一百籤/籤詩網‧淺草金龍山觀音寺一百籤__第090籤.htm
91,第九十一吉,http://www.chance.org.tw/籤詩集/淺草金龍山觀音寺一百籤/淺草金龍山觀音寺一百籤掃描圖片/淺草金龍山觀音寺一百籤091a.jpg,http://www.chance.org.tw/籤詩集/淺草金龍山觀音寺一百籤/淺草金龍山觀音寺一百籤掃描圖片/淺草金龍山觀音寺一百籤091b.jpg,C:\Users\Nicol\musiam-front\src\data\kannon100\091\原文091.txt,第九十一吉 /  / 第九十一吉 / 日文漢字 / 日文漢字 / 改變前途去,http://www.chance.org.tw/籤詩集/淺草金龍山觀音寺一百籤/籤詩網‧淺草金龍山觀音寺一百籤__第091籤.htm
92,第九十二吉,http://www.chance.org.tw/籤詩集/淺草金龍山觀音寺一百籤/淺草金龍山觀音寺一百籤掃描圖片/淺草金龍山觀音寺一百籤092a.jpg,http://www.chance.org.tw/籤詩集/淺草金龍山觀音寺一百籤/淺草金龍山觀音寺一百籤掃描圖片/淺草金龍山觀音寺一百籤092b.jpg,C:\Users\Nicol\musiam-front\src\data\kannon100\092\原文092.txt,第九十二吉 /  / 第九十二吉 / 日文漢字 / 日文漢字 / 自幼常為旅,http://www.chance.org.tw/籤詩集/淺草金龍山觀音寺一百籤/籤詩網‧淺草金龍山觀音寺一百籤__第092籤.htm
93,第九十三吉,http://www.chance.org.tw/籤詩集/淺草金龍山觀音寺一百籤/淺草金龍山觀音寺一百籤掃描圖片/淺草金龍山觀音寺一百籤093a.jpg,http://www.chance.org.tw/籤詩集/淺草金龍山觀音寺一百籤/淺草金龍山觀音寺一百籤掃描圖片/淺草金龍山觀音寺一百籤093b.jpg,C:\Users\Nicol\musiam-front\src\data\kannon100\093\原文093.txt,第九十三吉 /  / 第九十三吉 / 日文漢字 / 日文漢字 / 有魚臨旱池,http://www.chance.org.tw/籤詩集/淺草金龍山觀音寺一百籤/籤詩網‧淺草金龍山觀音寺一百籤__第093籤.htm
94,第九十四半吉,http://www.chance.org.tw/籤詩集/淺草金龍山觀音寺一百籤/淺草金龍山觀音寺一百籤掃描圖片/淺草金龍山觀音寺一百籤094a.jpg,http://www.chance.org.tw/籤詩集/淺草金龍山觀音寺一百籤/淺草金龍山觀音寺一百籤掃描圖片/淺草金龍山觀音寺一百籤094b.jpg,C:\Users\Nicol\musiam-front\src\data\kannon100\094\原文094.txt,第九十四半吉 /  / 第九十四半吉 / 日文漢字 / 日文漢字 / 事忌樽前語,http://www.chance.org.tw/籤詩集/淺草金龍山觀音寺一百籤/籤詩網‧淺草金龍山觀音寺一百籤__第094籤.htm
95,第九十五吉,http://www.chance.org.tw/籤詩集/淺草金龍山觀音寺一百籤/淺草金龍山觀音寺一百籤掃描圖片/淺草金龍山觀音寺一百籤095a.jpg,http://www.chance.org.tw/籤詩集/淺草金龍山觀音寺一百籤/淺草金龍山觀音寺一百籤掃描圖片/淺草金龍山觀音寺一百籤095b.jpg,C:\Users\Nicol\musiam-front\src\data\kannon100\095\原文095.txt,第九十五吉 /  / 第九十五吉 / 日文漢字 / 日文漢字 / 第九十五吉,http://www.chance.org.tw/籤詩集/淺草金龍山觀音寺一百籤/籤詩網‧淺草金龍山觀音寺一百籤__第095籤.htm
96,第九十六大吉,http://www.chance.org.tw/籤詩集/淺草金龍山觀音寺一百籤/淺草金龍山觀音寺一百籤掃描圖片/淺草金龍山觀音寺一百籤096a.jpg,http://www.chance.org.tw/籤詩集/淺草金龍山觀音寺一百籤/淺草金龍山觀音寺一百籤掃描圖片/淺草金龍山觀音寺一百籤096b.jpg,C:\Users\Nicol\musiam-front\src\data\kannon100\096\原文096.txt,第九十六大吉 /  / 第九十六大吉 / 日文漢字 / 日文漢字 / 雞逐鳳同飛,http://www.chance.org.tw/籤詩集/淺草金龍山觀音寺一百籤/籤詩網‧淺草金龍山觀音寺一百籤__第096籤.htm
97,第九十七凶,http://www.chance.org.tw/籤詩集/淺草金龍山觀音寺一百籤/淺草金龍山觀音寺一百籤掃描圖片/淺草金龍山觀音寺一百籤097a.jpg,http://www.chance.org.tw/籤詩集/淺草金龍山觀音寺一百籤/淺草金龍山觀音寺一百籤掃描圖片/淺草金龍山觀音寺一百籤097b.jpg,C:\Users\Nicol\musiam-front\src\data\kannon100\097\原文097.txt,第九十七凶 /  / 第九十七凶 / 日文漢字 / 日文漢字 / 霧罩重樓屋,http://www.chance.org.tw/籤詩集/淺草金龍山觀音寺一百籤/籤詩網‧淺草金龍山觀音寺一百籤__第097籤.htm
98,第九十八凶,http://www.chance.org.tw/籤詩集/淺草金龍山觀音寺一百籤/淺草金龍山觀音寺一百籤掃描圖片/淺草金龍山觀音寺一百籤098a.jpg,http://www.chance.org.tw/籤詩集/淺草金龍山觀音寺一百籤/淺草金龍山觀音寺一百籤掃描圖片/淺草金龍山觀音寺一百籤098b.jpg,C:\Users\Nicol\musiam-front\src\data\kannon100\098\原文098.txt,第九十八凶 /  / 第九十八凶 / 日文漢字 / 日文漢字 / 欲理新絲亂,http://www.chance.org.tw/籤詩集/淺草金龍山觀音寺一百籤/籤詩網‧淺草金龍山觀音寺一百籤__第098籤.htm
99,第九十九大吉,http://www.chance.org.tw/籤詩集/淺草金龍山觀音寺一百籤/淺草金龍山觀音寺一百籤掃描圖片/淺草金龍山觀音寺一百籤099a.jpg,http://www.chance.org.tw/籤詩集/淺草金龍山觀音寺一百籤/淺草金龍山觀音寺一百籤掃描圖片/淺草金龍山觀音寺一百籤099b.jpg,C:\Users\Nicol\musiam-front\src\data\kannon100\099\原文099.txt,第九十九大吉 /  / 第九十九大吉 / 日文漢字 / 日文漢字 / 紅日當門照,http://www.chance.org.tw/籤詩集/淺草金龍山觀音寺一百籤/籤詩網‧淺草金龍山觀音寺一百籤__第099籤.htm
100,第一百籤凶,http://www.chance.org.tw/籤詩集/淺草金龍山觀音寺一百籤/淺草金龍山觀音寺一百籤掃描圖片/淺草金龍山觀音寺一百籤100a.jpg,http://www.chance.org.tw/籤詩集/淺草金龍山觀音寺一百籤/淺草金龍山觀音寺一百籤掃描圖片/淺草金龍山觀音寺一百籤100b.jpg,C:\Users\Nicol\musiam-front\src\data\kannon100\100\原文100.txt,第一百籤凶 /  / 第一百籤凶 / 日文漢字 / 日文漢字 / 祿走白雲間,http://www.chance.org.tw/籤詩集/淺草金龍山觀音寺一百籤/籤詩網‧淺草金龍山觀音寺一百籤__第100籤.htm