number,header,poem,source_url
1,籤詩網•淺草金龍山觀音寺一百籤__第001籤,疾病：能夠治癒吧。 / 盼望的人：會出現吧。 / 蓋房子搬家嫁娶行動交往等：全部很好吧。 / 萬事行為謹慎。粗心大意行事的話，,https://www.chance.org.tw/%E7%B1%A4%E8%A9%A9%E9%9B%86/%E6%B7%BA%E8%8D%89%E9%87%91%E9%BE%8D%E5%B1%B1%E8%A7%80%E9%9F%B3%E5%AF%BA%E4%B8%80%E7%99%BE%E7%B1%A4/%E7%B1%A4%E8%A9%A9%E7%B6%B2%E2%80%A7%E6%B7%BA%E8%8D%89%E9%87%91%E9%BE%8D%E5%B1%B1%E8%A7%80%E9%9F%B3%E5%AF%BA%E4%B8%80%E7%99%BE%E7%B1%A4__第001籤.htm
2,籤詩網•淺草金龍山觀音寺一百籤__第002籤,因為持續不斷地努力，必定會實現。 / 雖然拖長，但是之後可以康復吧。 / 遲遲地才出現吧。 / 不能找出來吧。,https://www.chance.org.tw/%E7%B1%A4%E8%A9%A9%E9%9B%86/%E6%B7%BA%E8%8D%89%E9%87%91%E9%BE%8D%E5%B1%B1%E8%A7%80%E9%9F%B3%E5%AF%BA%E4%B8%80%E7%99%BE%E7%B1%A4/%E7%B1%A4%E8%A9%A9%E7%B6%B2%E2%80%A7%E6%B7%BA%E8%8D%89%E9%87%91%E9%BE%8D%E5%B1%B1%E8%A7%80%E9%9F%B3%E5%AF%BA%E4%B8%80%E7%99%BE%E7%B1%A4__第002籤.htm
3,籤詩網•淺草金龍山觀音寺一百籤__第003籤,難實現吧。 / 雖然拖長，但是會治好吧。 / 難以找到吧。 / 要花很久的時間吧。,https://www.chance.org.tw/%E7%B1%A4%E8%A9%A9%E9%9B%86/%E6%B7%BA%E8%8D%89%E9%87%91%E9%BE%8D%E5%B1%B1%E8%A7%80%E9%9F%B3%E5%AF%BA%E4%B8%80%E7%99%BE%E7%B1%A4/%E7%B1%A4%E8%A9%A9%E7%B6%B2%E2%80%A7%E6%B7%BA%E8%8D%89%E9%87%91%E9%BE%8D%E5%B1%B1%E8%A7%80%E9%9F%B3%E5%AF%BA%E4%B8%80%E7%99%BE%E7%B1%A4__第003籤.htm
4,籤詩網•淺草金龍山觀音寺一百籤__第004籤,好事也似乎會越來越接踵而起吧。 / 能實現吧。如果這樣的話，終生幸福吧。 / 變得遲遲地才會治好吧。 / 遲遲地才找到吧。,https://www.chance.org.tw/%E7%B1%A4%E8%A9%A9%E9%9B%86/%E6%B7%BA%E8%8D%89%E9%87%91%E9%BE%8D%E5%B1%B1%E8%A7%80%E9%9F%B3%E5%AF%BA%E4%B8%80%E7%99%BE%E7%B1%A4/%E7%B1%A4%E8%A9%A9%E7%B6%B2%E2%80%A7%E6%B7%BA%E8%8D%89%E9%87%91%E9%BE%8D%E5%B1%B1%E8%A7%80%E9%9F%B3%E5%AF%BA%E4%B8%80%E7%99%BE%E7%B1%A4__第004籤.htm
5,籤詩網•淺草金龍山觀音寺一百籤__第005籤,難以實現吧。 / 難治好吧。 / 難找到吧。 / 不會出現吧。,https://www.chance.org.tw/%E7%B1%A4%E8%A9%A9%E9%9B%86/%E6%B7%BA%E8%8D%89%E9%87%91%E9%BE%8D%E5%B1%B1%E8%A7%80%E9%9F%B3%E5%AF%BA%E4%B8%80%E7%99%BE%E7%B1%A4/%E7%B1%A4%E8%A9%A9%E7%B6%B2%E2%80%A7%E6%B7%BA%E8%8D%89%E9%87%91%E9%BE%8D%E5%B1%B1%E8%A7%80%E9%9F%B3%E5%AF%BA%E4%B8%80%E7%99%BE%E7%B1%A4__第005籤.htm
6,籤詩網•淺草金龍山觀音寺一百籤__第006籤,難以實現吧。 / 康復很花時間吧。 / 難找到吧。 / 遲遲地才出現吧。,https://www.chance.org.tw/%E7%B1%A4%E8%A9%A9%E9%9B%86/%E6%B7%BA%E8%8D%89%E9%87%91%E9%BE%8D%E5%B1%B1%E8%A7%80%E9%9F%B3%E5%AF%BA%E4%B8%80%E7%99%BE%E7%B1%A4/%E7%B1%A4%E8%A9%A9%E7%B6%B2%E2%80%A7%E6%B7%BA%E8%8D%89%E9%87%91%E9%BE%8D%E5%B1%B1%E8%A7%80%E9%9F%B3%E5%AF%BA%E4%B8%80%E7%99%BE%E7%B1%A4__第006籤.htm
7,籤詩網•淺草金龍山觀音寺一百籤__第007籤,難以實現吧。 / 難以治癒吧。 / 難以找到吧。 / 不會出現吧。,https://www.chance.org.tw/%E7%B1%A4%E8%A9%A9%E9%9B%86/%E6%B7%BA%E8%8D%89%E9%87%91%E9%BE%8D%E5%B1%B1%E8%A7%80%E9%9F%B3%E5%AF%BA%E4%B8%80%E7%99%BE%E7%B1%A4/%E7%B1%A4%E8%A9%A9%E7%B6%B2%E2%80%A7%E6%B7%BA%E8%8D%89%E9%87%91%E9%BE%8D%E5%B1%B1%E8%A7%80%E9%9F%B3%E5%AF%BA%E4%B8%80%E7%99%BE%E7%B1%A4__第007籤.htm
8,籤詩網•淺草金龍山觀音寺一百籤__第008籤,會實現吧。 / 會治好。請注意養生吧。 / 可以找到吧。 / 會出現吧。,https://www.chance.org.tw/%E7%B1%A4%E8%A9%A9%E9%9B%86/%E6%B7%BA%E8%8D%89%E9%87%91%E9%BE%8D%E5%B1%B1%E8%A7%80%E9%9F%B3%E5%AF%BA%E4%B8%80%E7%99%BE%E7%B1%A4/%E7%B1%A4%E8%A9%A9%E7%B6%B2%E2%80%A7%E6%B7%BA%E8%8D%89%E9%87%91%E9%BE%8D%E5%B1%B1%E8%A7%80%E9%9F%B3%E5%AF%BA%E4%B8%80%E7%99%BE%E7%B1%A4__第008籤.htm
9,籤詩網•淺草金龍山觀音寺一百籤__第009籤,會實現吧。 / 會治好吧。 / 會找到吧。 / 會出現吧。,https://www.chance.org.tw/%E7%B1%A4%E8%A9%A9%E9%9B%86/%E6%B7%BA%E8%8D%89%E9%87%91%E9%BE%8D%E5%B1%B1%E8%A7%80%E9%9F%B3%E5%AF%BA%E4%B8%80%E7%99%BE%E7%B1%A4/%E7%B1%A4%E8%A9%A9%E7%B6%B2%E2%80%A7%E6%B7%BA%E8%8D%89%E9%87%91%E9%BE%8D%E5%B1%B1%E8%A7%80%E9%9F%B3%E5%AF%BA%E4%B8%80%E7%99%BE%E7%B1%A4__第009籤.htm
10,籤詩網•淺草金龍山觀音寺一百籤__第010籤,過去的不幸或許多煩惱也會消去，好事將發生吧。 / 隨著新的願望的出現，財富也會增加。 / 就像是在雲上追求願望般地，請試著追求高高的願望。 / 像枯木在春天開花一樣，一定會變得很繁盛吧。,https://www.chance.org.tw/%E7%B1%A4%E8%A9%A9%E9%9B%86/%E6%B7%BA%E8%8D%89%E9%87%91%E9%BE%8D%E5%B1%B1%E8%A7%80%E9%9F%B3%E5%AF%BA%E4%B8%80%E7%99%BE%E7%B1%A4/%E7%B1%A4%E8%A9%A9%E7%B6%B2%E2%80%A7%E6%B7%BA%E8%8D%89%E9%87%91%E9%BE%8D%E5%B1%B1%E8%A7%80%E9%9F%B3%E5%AF%BA%E4%B8%80%E7%99%BE%E7%B1%A4__第010籤.htm
11,籤詩網•淺草金龍山觀音寺一百籤__第011籤,會充分地實現吧。 / 會治好吧。 / 會找到吧。 / 會出現吧。,https://www.chance.org.tw/%E7%B1%A4%E8%A9%A9%E9%9B%86/%E6%B7%BA%E8%8D%89%E9%87%91%E9%BE%8D%E5%B1%B1%E8%A7%80%E9%9F%B3%E5%AF%BA%E4%B8%80%E7%99%BE%E7%B1%A4/%E7%B1%A4%E8%A9%A9%E7%B6%B2%E2%80%A7%E6%B7%BA%E8%8D%89%E9%87%91%E9%BE%8D%E5%B1%B1%E8%A7%80%E9%9F%B3%E5%AF%BA%E4%B8%80%E7%99%BE%E7%B1%A4__第011籤.htm
12,籤詩網•淺草金龍山觀音寺一百籤__第012籤,會實現吧。 / 會變好吧。 / 會回來吧。 / 晚出現吧。,https://www.chance.org.tw/%E7%B1%A4%E8%A9%A9%E9%9B%86/%E6%B7%BA%E8%8D%89%E9%87%91%E9%BE%8D%E5%B1%B1%E8%A7%80%E9%9F%B3%E5%AF%BA%E4%B8%80%E7%99%BE%E7%B1%A4/%E7%B1%A4%E8%A9%A9%E7%B6%B2%E2%80%A7%E6%B7%BA%E8%8D%89%E9%87%91%E9%BE%8D%E5%B1%B1%E8%A7%80%E9%9F%B3%E5%AF%BA%E4%B8%80%E7%99%BE%E7%B1%A4__第012籤.htm
13,籤詩網•淺草金龍山觀音寺一百籤__第013籤,如果時機來到的話，抱著勇氣努力做事，可以過著充實的生活吧。 / 就像是老枝條，隨著春天到來，花就開了一樣，運勢會開展吧。 / 就像稻苗也是如果春天來了的話，就會生長般地，你也會繁榮昌盛吧。 / 像是也能爬上難登的雲梯般，因為更加地持續努力就會成功吧。,https://www.chance.org.tw/%E7%B1%A4%E8%A9%A9%E9%9B%86/%E6%B7%BA%E8%8D%89%E9%87%91%E9%BE%8D%E5%B1%B1%E8%A7%80%E9%9F%B3%E5%AF%BA%E4%B8%80%E7%99%BE%E7%B1%A4/%E7%B1%A4%E8%A9%A9%E7%B6%B2%E2%80%A7%E6%B7%BA%E8%8D%89%E9%87%91%E9%BE%8D%E5%B1%B1%E8%A7%80%E9%9F%B3%E5%AF%BA%E4%B8%80%E7%99%BE%E7%B1%A4__第013籤.htm
14,籤詩網•淺草金龍山觀音寺一百籤__第014籤,如果忍耐勞苦，將來自然地看得到未來的去向吧。 / 然後像枯枝開花般地，願望會實現吧。 / 很花時間但會實現吧。 / 會拖長吧，但是不會影響性命吧。,https://www.chance.org.tw/%E7%B1%A4%E8%A9%A9%E9%9B%86/%E6%B7%BA%E8%8D%89%E9%87%91%E9%BE%8D%E5%B1%B1%E8%A7%80%E9%9F%B3%E5%AF%BA%E4%B8%80%E7%99%BE%E7%B1%A4/%E7%B1%A4%E8%A9%A9%E7%B6%B2%E2%80%A7%E6%B7%BA%E8%8D%89%E9%87%91%E9%BE%8D%E5%B1%B1%E8%A7%80%E9%9F%B3%E5%AF%BA%E4%B8%80%E7%99%BE%E7%B1%A4__第014籤.htm
15,籤詩網•淺草金龍山觀音寺一百籤__第015籤,難以實現吧。 / 難找回吧。 / 不會出現吧。 / 蓋新居、搬家：,https://www.chance.org.tw/%E7%B1%A4%E8%A9%A9%E9%9B%86/%E6%B7%BA%E8%8D%89%E9%87%91%E9%BE%8D%E5%B1%B1%E8%A7%80%E9%9F%B3%E5%AF%BA%E4%B8%80%E7%99%BE%E7%B1%A4/%E7%B1%A4%E8%A9%A9%E7%B6%B2%E2%80%A7%E6%B7%BA%E8%8D%89%E9%87%91%E9%BE%8D%E5%B1%B1%E8%A7%80%E9%9F%B3%E5%AF%BA%E4%B8%80%E7%99%BE%E7%B1%A4__第015籤.htm
16,籤詩網•淺草金龍山觀音寺一百籤__第016籤,能被實現吧。 / 會康復吧。 / 會出現吧。 / 蓋新居、搬家：,https://www.chance.org.tw/%E7%B1%A4%E8%A9%A9%E9%9B%86/%E6%B7%BA%E8%8D%89%E9%87%91%E9%BE%8D%E5%B1%B1%E8%A7%80%E9%9F%B3%E5%AF%BA%E4%B8%80%E7%99%BE%E7%B1%A4/%E7%B1%A4%E8%A9%A9%E7%B6%B2%E2%80%A7%E6%B7%BA%E8%8D%89%E9%87%91%E9%BE%8D%E5%B1%B1%E8%A7%80%E9%9F%B3%E5%AF%BA%E4%B8%80%E7%99%BE%E7%B1%A4__第016籤.htm
17,籤詩網•淺草金龍山觀音寺一百籤__第017籤,如果作一些想要防止降落在自己身上的危險的事的話，反而煩惱似乎變多了。 / 不知不覺間，不好的事情持續著，似乎會有家人分離的事。 / 就像捨不得花凋謝的話，更是會被雨淋凋萎般地，不好的是似乎持續著。 / 因為無法按照所想的發展，沈溺於喝酒之類的，似乎還是會產生壞想法吧。,https://www.chance.org.tw/%E7%B1%A4%E8%A9%A9%E9%9B%86/%E6%B7%BA%E8%8D%89%E9%87%91%E9%BE%8D%E5%B1%B1%E8%A7%80%E9%9F%B3%E5%AF%BA%E4%B8%80%E7%99%BE%E7%B1%A4/%E7%B1%A4%E8%A9%A9%E7%B6%B2%E2%80%A7%E6%B7%BA%E8%8D%89%E9%87%91%E9%BE%8D%E5%B1%B1%E8%A7%80%E9%9F%B3%E5%AF%BA%E4%B8%80%E7%99%BE%E7%B1%A4__第017籤.htm
18,籤詩網•淺草金龍山觀音寺一百籤__第018籤,長時間的悲傷也漸漸地消散吧。 / 福德自然地增加，人生光輝閃耀吧。 / 會實踐吧。 / 會治好吧。,https://www.chance.org.tw/%E7%B1%A4%E8%A9%A9%E9%9B%86/%E6%B7%BA%E8%8D%89%E9%87%91%E9%BE%8D%E5%B1%B1%E8%A7%80%E9%9F%B3%E5%AF%BA%E4%B8%80%E7%99%BE%E7%B1%A4/%E7%B1%A4%E8%A9%A9%E7%B6%B2%E2%80%A7%E6%B7%BA%E8%8D%89%E9%87%91%E9%BE%8D%E5%B1%B1%E8%A7%80%E9%9F%B3%E5%AF%BA%E4%B8%80%E7%99%BE%E7%B1%A4__第018籤.htm
19,籤詩網•淺草金龍山觀音寺一百籤__第019籤,願望：能實現一半吧。 / 疾病：雖然長期得病，但是不會危及性命吧。 / 遺失物：大概找回不來了吧。 / 盼望的人：變成遲遲地出現吧。,https://www.chance.org.tw/%E7%B1%A4%E8%A9%A9%E9%9B%86/%E6%B7%BA%E8%8D%89%E9%87%91%E9%BE%8D%E5%B1%B1%E8%A7%80%E9%9F%B3%E5%AF%BA%E4%B8%80%E7%99%BE%E7%B1%A4/%E7%B1%A4%E8%A9%A9%E7%B6%B2%E2%80%A7%E6%B7%BA%E8%8D%89%E9%87%91%E9%BE%8D%E5%B1%B1%E8%A7%80%E9%9F%B3%E5%AF%BA%E4%B8%80%E7%99%BE%E7%B1%A4__第019籤.htm
20,籤詩網•淺草金龍山觀音寺一百籤__第020籤,月亮也出來了，漸漸地變明朗般地，終於漸漸地希望也能被實現吧 / 慢慢地能累積家中的財產，家中的生意也會繁盛起來吧。 / 至今為止事情不能暢快地運作，但最後會向好的方面進行吧。 / 更進一步地，變得能得到世間的好評價與利益吧。,https://www.chance.org.tw/%E7%B1%A4%E8%A9%A9%E9%9B%86/%E6%B7%BA%E8%8D%89%E9%87%91%E9%BE%8D%E5%B1%B1%E8%A7%80%E9%9F%B3%E5%AF%BA%E4%B8%80%E7%99%BE%E7%B1%A4/%E7%B1%A4%E8%A9%A9%E7%B6%B2%E2%80%A7%E6%B7%BA%E8%8D%89%E9%87%91%E9%BE%8D%E5%B1%B1%E8%A7%80%E9%9F%B3%E5%AF%BA%E4%B8%80%E7%99%BE%E7%B1%A4__第020籤.htm
21,籤詩網•淺草金龍山觀音寺一百籤__第021籤,能被實現吧。 / 雖然會恢復但是切忌粗心大意。 / 會出現吧。 / 會出現吧。,https://www.chance.org.tw/%E7%B1%A4%E8%A9%A9%E9%9B%86/%E6%B7%BA%E8%8D%89%E9%87%91%E9%BE%8D%E5%B1%B1%E8%A7%80%E9%9F%B3%E5%AF%BA%E4%B8%80%E7%99%BE%E7%B1%A4/%E7%B1%A4%E8%A9%A9%E7%B6%B2%E2%80%A7%E6%B7%BA%E8%8D%89%E9%87%91%E9%BE%8D%E5%B1%B1%E8%A7%80%E9%9F%B3%E5%AF%BA%E4%B8%80%E7%99%BE%E7%B1%A4__第021籤.htm
22,籤詩網•淺草金龍山觀音寺一百籤__第022籤,雖然能被實現，但是變得比較晚吧。 / 因為會治好，耐心等待康復吧。 / 雖然會出現但很遲吧。 / 會出現吧。,https://www.chance.org.tw/%E7%B1%A4%E8%A9%A9%E9%9B%86/%E6%B7%BA%E8%8D%89%E9%87%91%E9%BE%8D%E5%B1%B1%E8%A7%80%E9%9F%B3%E5%AF%BA%E4%B8%80%E7%99%BE%E7%B1%A4/%E7%B1%A4%E8%A9%A9%E7%B6%B2%E2%80%A7%E6%B7%BA%E8%8D%89%E9%87%91%E9%BE%8D%E5%B1%B1%E8%A7%80%E9%9F%B3%E5%AF%BA%E4%B8%80%E7%99%BE%E7%B1%A4__第022籤.htm
23,籤詩網•淺草金龍山觀音寺一百籤__第023籤,雖然會實現，但是要考慮能力吧。 / 難以康復吧。 / 難以找到吧。 / 不能出現吧。,https://www.chance.org.tw/%E7%B1%A4%E8%A9%A9%E9%9B%86/%E6%B7%BA%E8%8D%89%E9%87%91%E9%BE%8D%E5%B1%B1%E8%A7%80%E9%9F%B3%E5%AF%BA%E4%B8%80%E7%99%BE%E7%B1%A4/%E7%B1%A4%E8%A9%A9%E7%B6%B2%E2%80%A7%E6%B7%BA%E8%8D%89%E9%87%91%E9%BE%8D%E5%B1%B1%E8%A7%80%E9%9F%B3%E5%AF%BA%E4%B8%80%E7%99%BE%E7%B1%A4__第023籤.htm
24,籤詩網•淺草金龍山觀音寺一百籤__第024籤,不會實現吧。 / 雖然拖很長，但會治好吧。 / 變成到後來才找到吧。 / 不能出現吧。,https://www.chance.org.tw/%E7%B1%A4%E8%A9%A9%E9%9B%86/%E6%B7%BA%E8%8D%89%E9%87%91%E9%BE%8D%E5%B1%B1%E8%A7%80%E9%9F%B3%E5%AF%BA%E4%B8%80%E7%99%BE%E7%B1%A4/%E7%B1%A4%E8%A9%A9%E7%B6%B2%E2%80%A7%E6%B7%BA%E8%8D%89%E9%87%91%E9%BE%8D%E5%B1%B1%E8%A7%80%E9%9F%B3%E5%AF%BA%E4%B8%80%E7%99%BE%E7%B1%A4__第024籤.htm
25,籤詩網•淺草金龍山觀音寺一百籤__第025籤,去路必有好事發生，能幸福吧。 / 能邂逅很棒的人吧。 / 變得能得到崇高地位、財產吧。 / 會實現吧。,https://www.chance.org.tw/%E7%B1%A4%E8%A9%A9%E9%9B%86/%E6%B7%BA%E8%8D%89%E9%87%91%E9%BE%8D%E5%B1%B1%E8%A7%80%E9%9F%B3%E5%AF%BA%E4%B8%80%E7%99%BE%E7%B1%A4/%E7%B1%A4%E8%A9%A9%E7%B6%B2%E2%80%A7%E6%B7%BA%E8%8D%89%E9%87%91%E9%BE%8D%E5%B1%B1%E8%A7%80%E9%9F%B3%E5%AF%BA%E4%B8%80%E7%99%BE%E7%B1%A4__第025籤.htm
26,籤詩網•淺草金龍山觀音寺一百籤__第026籤,會實現吧。 / 會治好吧。 / 會出現吧。 / 會出現吧。,https://www.chance.org.tw/%E7%B1%A4%E8%A9%A9%E9%9B%86/%E6%B7%BA%E8%8D%89%E9%87%91%E9%BE%8D%E5%B1%B1%E8%A7%80%E9%9F%B3%E5%AF%BA%E4%B8%80%E7%99%BE%E7%B1%A4/%E7%B1%A4%E8%A9%A9%E7%B6%B2%E2%80%A7%E6%B7%BA%E8%8D%89%E9%87%91%E9%BE%8D%E5%B1%B1%E8%A7%80%E9%9F%B3%E5%AF%BA%E4%B8%80%E7%99%BE%E7%B1%A4__第026籤.htm
27,籤詩網•淺草金龍山觀音寺一百籤__第027籤,會實現吧。 / 會治好吧，但切忌粗心大意。 / 會出現吧。 / 會出現吧。,https://www.chance.org.tw/%E7%B1%A4%E8%A9%A9%E9%9B%86/%E6%B7%BA%E8%8D%89%E9%87%91%E9%BE%8D%E5%B1%B1%E8%A7%80%E9%9F%B3%E5%AF%BA%E4%B8%80%E7%99%BE%E7%B1%A4/%E7%B1%A4%E8%A9%A9%E7%B6%B2%E2%80%A7%E6%B7%BA%E8%8D%89%E9%87%91%E9%BE%8D%E5%B1%B1%E8%A7%80%E9%9F%B3%E5%AF%BA%E4%B8%80%E7%99%BE%E7%B1%A4__第027籤.htm
28,籤詩網•淺草金龍山觀音寺一百籤__第028籤,難以實現吧。 / 如果長期養生的話會治好吧。 / 難出現吧。 / 變得遲遲地才出現吧。,https://www.chance.org.tw/%E7%B1%A4%E8%A9%A9%E9%9B%86/%E6%B7%BA%E8%8D%89%E9%87%91%E9%BE%8D%E5%B1%B1%E8%A7%80%E9%9F%B3%E5%AF%BA%E4%B8%80%E7%99%BE%E7%B1%A4/%E7%B1%A4%E8%A9%A9%E7%B6%B2%E2%80%A7%E6%B7%BA%E8%8D%89%E9%87%91%E9%BE%8D%E5%B1%B1%E8%A7%80%E9%9F%B3%E5%AF%BA%E4%B8%80%E7%99%BE%E7%B1%A4__第028籤.htm
29,籤詩網•淺草金龍山觀音寺一百籤__第029籤,能被實現吧。 / 會治好吧。 / 會出現吧。 / 會出現吧。,https://www.chance.org.tw/%E7%B1%A4%E8%A9%A9%E9%9B%86/%E6%B7%BA%E8%8D%89%E9%87%91%E9%BE%8D%E5%B1%B1%E8%A7%80%E9%9F%B3%E5%AF%BA%E4%B8%80%E7%99%BE%E7%B1%A4/%E7%B1%A4%E8%A9%A9%E7%B6%B2%E2%80%A7%E6%B7%BA%E8%8D%89%E9%87%91%E9%BE%8D%E5%B1%B1%E8%A7%80%E9%9F%B3%E5%AF%BA%E4%B8%80%E7%99%BE%E7%B1%A4__第029籤.htm
30,籤詩網•淺草金龍山觀音寺一百籤__第030籤,難實現吧。 / 難出現吧。 / 不會出現吧。 / 蓋新居、搬家：,https://www.chance.org.tw/%E7%B1%A4%E8%A9%A9%E9%9B%86/%E6%B7%BA%E8%8D%89%E9%87%91%E9%BE%8D%E5%B1%B1%E8%A7%80%E9%9F%B3%E5%AF%BA%E4%B8%80%E7%99%BE%E7%B1%A4/%E7%B1%A4%E8%A9%A9%E7%B6%B2%E2%80%A7%E6%B7%BA%E8%8D%89%E9%87%91%E9%BE%8D%E5%B1%B1%E8%A7%80%E9%9F%B3%E5%AF%BA%E4%B8%80%E7%99%BE%E7%B1%A4__第030籤.htm
31,籤詩網•淺草金龍山觀音寺一百籤__第031籤,雖能被實現，但要考慮時機吧。 / 拖很久吧。 / 變得遲遲地才出現吧。 / 變得遲遲地才出現吧。,https://www.chance.org.tw/%E7%B1%A4%E8%A9%A9%E9%9B%86/%E6%B7%BA%E8%8D%89%E9%87%91%E9%BE%8D%E5%B1%B1%E8%A7%80%E9%9F%B3%E5%AF%BA%E4%B8%80%E7%99%BE%E7%B1%A4/%E7%B1%A4%E8%A9%A9%E7%B6%B2%E2%80%A7%E6%B7%BA%E8%8D%89%E9%87%91%E9%BE%8D%E5%B1%B1%E8%A7%80%E9%9F%B3%E5%AF%BA%E4%B8%80%E7%99%BE%E7%B1%A4__第031籤.htm
32,籤詩網•淺草金龍山觀音寺一百籤__第032籤,會實現吧。 / 雖然會拖長，但是不會失去生命。 / 會出現吧。 / 變得遲遲地才出現吧。,https://www.chance.org.tw/%E7%B1%A4%E8%A9%A9%E9%9B%86/%E6%B7%BA%E8%8D%89%E9%87%91%E9%BE%8D%E5%B1%B1%E8%A7%80%E9%9F%B3%E5%AF%BA%E4%B8%80%E7%99%BE%E7%B1%A4/%E7%B1%A4%E8%A9%A9%E7%B6%B2%E2%80%A7%E6%B7%BA%E8%8D%89%E9%87%91%E9%BE%8D%E5%B1%B1%E8%A7%80%E9%9F%B3%E5%AF%BA%E4%B8%80%E7%99%BE%E7%B1%A4__第032籤.htm
33,籤詩網•淺草金龍山觀音寺一百籤__第033籤,能被實現吧。 / 會治好吧。 / 會出現吧。 / 會出現吧。,https://www.chance.org.tw/%E7%B1%A4%E8%A9%A9%E9%9B%86/%E6%B7%BA%E8%8D%89%E9%87%91%E9%BE%8D%E5%B1%B1%E8%A7%80%E9%9F%B3%E5%AF%BA%E4%B8%80%E7%99%BE%E7%B1%A4/%E7%B1%A4%E8%A9%A9%E7%B6%B2%E2%80%A7%E6%B7%BA%E8%8D%89%E9%87%91%E9%BE%8D%E5%B1%B1%E8%A7%80%E9%9F%B3%E5%AF%BA%E4%B8%80%E7%99%BE%E7%B1%A4__第033籤.htm
34,籤詩網•淺草金龍山觀音寺一百籤__第034籤,能被實現吧。 / 會治好吧。 / 遲遲才出現吧。 / 蓋新居、搬家：,https://www.chance.org.tw/%E7%B1%A4%E8%A9%A9%E9%9B%86/%E6%B7%BA%E8%8D%89%E9%87%91%E9%BE%8D%E5%B1%B1%E8%A7%80%E9%9F%B3%E5%AF%BA%E4%B8%80%E7%99%BE%E7%B1%A4/%E7%B1%A4%E8%A9%A9%E7%B6%B2%E2%80%A7%E6%B7%BA%E8%8D%89%E9%87%91%E9%BE%8D%E5%B1%B1%E8%A7%80%E9%9F%B3%E5%AF%BA%E4%B8%80%E7%99%BE%E7%B1%A4__第034籤.htm
35,籤詩網•淺草金龍山觀音寺一百籤__第035籤,拉弓瞄準，就能按照所想地射中鹿一樣，自己的行為直接連向成功的方向吧。 / 被良好的引導引領般地，能得到良好的居上位者援助和意見吧。 / 因為遵從有智慧的人的教導，能夠得到出人頭地的喜悅吧。 / 像是花在夕陽的照耀下，越來越閃耀般地，在周圍的人對你的評價變高了吧。,https://www.chance.org.tw/%E7%B1%A4%E8%A9%A9%E9%9B%86/%E6%B7%BA%E8%8D%89%E9%87%91%E9%BE%8D%E5%B1%B1%E8%A7%80%E9%9F%B3%E5%AF%BA%E4%B8%80%E7%99%BE%E7%B1%A4/%E7%B1%A4%E8%A9%A9%E7%B6%B2%E2%80%A7%E6%B7%BA%E8%8D%89%E9%87%91%E9%BE%8D%E5%B1%B1%E8%A7%80%E9%9F%B3%E5%AF%BA%E4%B8%80%E7%99%BE%E7%B1%A4__第035籤.htm
36,籤詩網•淺草金龍山觀音寺一百籤__第036籤,稍後會實現吧。 / 雖然拖長，但可以治癒吧。 / 難出現吧。 / 遲遲地才出現吧。,https://www.chance.org.tw/%E7%B1%A4%E8%A9%A9%E9%9B%86/%E6%B7%BA%E8%8D%89%E9%87%91%E9%BE%8D%E5%B1%B1%E8%A7%80%E9%9F%B3%E5%AF%BA%E4%B8%80%E7%99%BE%E7%B1%A4/%E7%B1%A4%E8%A9%A9%E7%B6%B2%E2%80%A7%E6%B7%BA%E8%8D%89%E9%87%91%E9%BE%8D%E5%B1%B1%E8%A7%80%E9%9F%B3%E5%AF%BA%E4%B8%80%E7%99%BE%E7%B1%A4__第036籤.htm
37,籤詩網•淺草金龍山觀音寺一百籤__第037籤,難以實現吧。 / 變成遲遲地才好轉吧。 / 變成遲遲地才出現吧。 / 變成遲遲地才出現吧。,https://www.chance.org.tw/%E7%B1%A4%E8%A9%A9%E9%9B%86/%E6%B7%BA%E8%8D%89%E9%87%91%E9%BE%8D%E5%B1%B1%E8%A7%80%E9%9F%B3%E5%AF%BA%E4%B8%80%E7%99%BE%E7%B1%A4/%E7%B1%A4%E8%A9%A9%E7%B6%B2%E2%80%A7%E6%B7%BA%E8%8D%89%E9%87%91%E9%BE%8D%E5%B1%B1%E8%A7%80%E9%9F%B3%E5%AF%BA%E4%B8%80%E7%99%BE%E7%B1%A4__第037籤.htm
38,籤詩網•淺草金龍山觀音寺一百籤__第038籤,像是天空沒有陰霾明顯地能看見月亮般地，沒有迷惘，澄淨的心吧。 / 但是，至今為止看到的月亮也有雲靄，心裡也產生迷惘吧。 / 和親密的友人分別，暫時心沈浸在悲傷的思緒中吧。 / 雖然沒事，但是卻因為擔心悲嘆的事很多，轉換心情吧。,https://www.chance.org.tw/%E7%B1%A4%E8%A9%A9%E9%9B%86/%E6%B7%BA%E8%8D%89%E9%87%91%E9%BE%8D%E5%B1%B1%E8%A7%80%E9%9F%B3%E5%AF%BA%E4%B8%80%E7%99%BE%E7%B1%A4/%E7%B1%A4%E8%A9%A9%E7%B6%B2%E2%80%A7%E6%B7%BA%E8%8D%89%E9%87%91%E9%BE%8D%E5%B1%B1%E8%A7%80%E9%9F%B3%E5%AF%BA%E4%B8%80%E7%99%BE%E7%B1%A4__第038籤.htm
39,籤詩網•淺草金龍山觀音寺一百籤__第039籤,就算有願望也只是心裡想想而已，還沒到達要付諸行動吧。 / 像有家裡燒起來般地災難，接踵而來的危險。 / 悲傷或危險的事再次地持續發生吧。 / 因為有失去和生命一樣重要的東西的可能，要小心謹慎吧。,https://www.chance.org.tw/%E7%B1%A4%E8%A9%A9%E9%9B%86/%E6%B7%BA%E8%8D%89%E9%87%91%E9%BE%8D%E5%B1%B1%E8%A7%80%E9%9F%B3%E5%AF%BA%E4%B8%80%E7%99%BE%E7%B1%A4/%E7%B1%A4%E8%A9%A9%E7%B6%B2%E2%80%A7%E6%B7%BA%E8%8D%89%E9%87%91%E9%BE%8D%E5%B1%B1%E8%A7%80%E9%9F%B3%E5%AF%BA%E4%B8%80%E7%99%BE%E7%B1%A4__第039籤.htm
40,籤詩網•淺草金龍山觀音寺一百籤__第040籤,正因為什麼事都不偏頗的中正之道的正確行為，能夠消除災難吧。 / 一有邪念的話就會被引入壞的方向而去吧。 / 就像是在藥箱中先存放著有效的藥般，不迷失去自己地珍惜真誠心吧。 / 這樣做的話煩惱就會離去，災難會消去吧。,https://www.chance.org.tw/%E7%B1%A4%E8%A9%A9%E9%9B%86/%E6%B7%BA%E8%8D%89%E9%87%91%E9%BE%8D%E5%B1%B1%E8%A7%80%E9%9F%B3%E5%AF%BA%E4%B8%80%E7%99%BE%E7%B1%A4/%E7%B1%A4%E8%A9%A9%E7%B6%B2%E2%80%A7%E6%B7%BA%E8%8D%89%E9%87%91%E9%BE%8D%E5%B1%B1%E8%A7%80%E9%9F%B3%E5%AF%BA%E4%B8%80%E7%99%BE%E7%B1%A4__第040籤.htm
41,籤詩網•淺草金龍山觀音寺一百籤__第041籤,難以實現吧。 / 會拖長吧。 / 難出現吧。 / 變成遲遲地才出現吧。,https://www.chance.org.tw/%E7%B1%A4%E8%A9%A9%E9%9B%86/%E6%B7%BA%E8%8D%89%E9%87%91%E9%BE%8D%E5%B1%B1%E8%A7%80%E9%9F%B3%E5%AF%BA%E4%B8%80%E7%99%BE%E7%B1%A4/%E7%B1%A4%E8%A9%A9%E7%B6%B2%E2%80%A7%E6%B7%BA%E8%8D%89%E9%87%91%E9%BE%8D%E5%B1%B1%E8%A7%80%E9%9F%B3%E5%AF%BA%E4%B8%80%E7%99%BE%E7%B1%A4__第041籤.htm
42,籤詩網•淺草金龍山觀音寺一百籤__第042籤,像是桂花在春天飄香般地，對你也變成是運勢展開的時機吧。 / 人也轉運的話，有得到崇高的地位與榮譽的機會。 / 有觀世音菩薩或有力人士的引導吧。 / 如陰天的月亮放晴般地，越來越會發生好事吧。,https://www.chance.org.tw/%E7%B1%A4%E8%A9%A9%E9%9B%86/%E6%B7%BA%E8%8D%89%E9%87%91%E9%BE%8D%E5%B1%B1%E8%A7%80%E9%9F%B3%E5%AF%BA%E4%B8%80%E7%99%BE%E7%B1%A4/%E7%B1%A4%E8%A9%A9%E7%B6%B2%E2%80%A7%E6%B7%BA%E8%8D%89%E9%87%91%E9%BE%8D%E5%B1%B1%E8%A7%80%E9%9F%B3%E5%AF%BA%E4%B8%80%E7%99%BE%E7%B1%A4__第042籤.htm
43,籤詩網•淺草金龍山觀音寺一百籤__第043籤,會實現吧。 / 雖然拖長但是會治好吧。 / 難出現吧。 / 變成遲遲地才出現吧。,https://www.chance.org.tw/%E7%B1%A4%E8%A9%A9%E9%9B%86/%E6%B7%BA%E8%8D%89%E9%87%91%E9%BE%8D%E5%B1%B1%E8%A7%80%E9%9F%B3%E5%AF%BA%E4%B8%80%E7%99%BE%E7%B1%A4/%E7%B1%A4%E8%A9%A9%E7%B6%B2%E2%80%A7%E6%B7%BA%E8%8D%89%E9%87%91%E9%BE%8D%E5%B1%B1%E8%A7%80%E9%9F%B3%E5%AF%BA%E4%B8%80%E7%99%BE%E7%B1%A4__第043籤.htm
44,籤詩網•淺草金龍山觀音寺一百籤__第044籤,會實現吧。 / 會治癒吧。 / 會出現吧。 / 變成遲遲地才出現吧。,https://www.chance.org.tw/%E7%B1%A4%E8%A9%A9%E9%9B%86/%E6%B7%BA%E8%8D%89%E9%87%91%E9%BE%8D%E5%B1%B1%E8%A7%80%E9%9F%B3%E5%AF%BA%E4%B8%80%E7%99%BE%E7%B1%A4/%E7%B1%A4%E8%A9%A9%E7%B6%B2%E2%80%A7%E6%B7%BA%E8%8D%89%E9%87%91%E9%BE%8D%E5%B1%B1%E8%A7%80%E9%9F%B3%E5%AF%BA%E4%B8%80%E7%99%BE%E7%B1%A4__第044籤.htm
45,籤詩網•淺草金龍山觀音寺一百籤__第045籤,會實現吧。 / 會治好吧。 / 遲遲地才出現吧。 / 變遲遲地才出現吧。,https://www.chance.org.tw/%E7%B1%A4%E8%A9%A9%E9%9B%86/%E6%B7%BA%E8%8D%89%E9%87%91%E9%BE%8D%E5%B1%B1%E8%A7%80%E9%9F%B3%E5%AF%BA%E4%B8%80%E7%99%BE%E7%B1%A4/%E7%B1%A4%E8%A9%A9%E7%B6%B2%E2%80%A7%E6%B7%BA%E8%8D%89%E9%87%91%E9%BE%8D%E5%B1%B1%E8%A7%80%E9%9F%B3%E5%AF%BA%E4%B8%80%E7%99%BE%E7%B1%A4__第045籤.htm
46,籤詩網•淺草金龍山觀音寺一百籤__第046籤,難以實現吧。 / 會治好吧。 / 難出現吧。 / 不會出現吧。,https://www.chance.org.tw/%E7%B1%A4%E8%A9%A9%E9%9B%86/%E6%B7%BA%E8%8D%89%E9%87%91%E9%BE%8D%E5%B1%B1%E8%A7%80%E9%9F%B3%E5%AF%BA%E4%B8%80%E7%99%BE%E7%B1%A4/%E7%B1%A4%E8%A9%A9%E7%B6%B2%E2%80%A7%E6%B7%BA%E8%8D%89%E9%87%91%E9%BE%8D%E5%B1%B1%E8%A7%80%E9%9F%B3%E5%AF%BA%E4%B8%80%E7%99%BE%E7%B1%A4__第046籤.htm
47,籤詩網•淺草金龍山觀音寺一百籤__第047籤,財產和地位也變得可以到手吧。 / 願望：會實現吧。 / 疾病：變得往後才會治好吧。 / 遺失物：會出現吧。,https://www.chance.org.tw/%E7%B1%A4%E8%A9%A9%E9%9B%86/%E6%B7%BA%E8%8D%89%E9%87%91%E9%BE%8D%E5%B1%B1%E8%A7%80%E9%9F%B3%E5%AF%BA%E4%B8%80%E7%99%BE%E7%B1%A4/%E7%B1%A4%E8%A9%A9%E7%B6%B2%E2%80%A7%E6%B7%BA%E8%8D%89%E9%87%91%E9%BE%8D%E5%B1%B1%E8%A7%80%E9%9F%B3%E5%AF%BA%E4%B8%80%E7%99%BE%E7%B1%A4__第047籤.htm
48,籤詩網•淺草金龍山觀音寺一百籤__第048籤,雖然拖長，但將來會治好吧。 / 會出現吧。 / 變成遲遲才來吧。 / 蓋新居、搬家：,https://www.chance.org.tw/%E7%B1%A4%E8%A9%A9%E9%9B%86/%E6%B7%BA%E8%8D%89%E9%87%91%E9%BE%8D%E5%B1%B1%E8%A7%80%E9%9F%B3%E5%AF%BA%E4%B8%80%E7%99%BE%E7%B1%A4/%E7%B1%A4%E8%A9%A9%E7%B6%B2%E2%80%A7%E6%B7%BA%E8%8D%89%E9%87%91%E9%BE%8D%E5%B1%B1%E8%A7%80%E9%9F%B3%E5%AF%BA%E4%B8%80%E7%99%BE%E7%B1%A4__第048籤.htm
49,籤詩網•淺草金龍山觀音寺一百籤__第049籤,會實現吧。 / 難出現吧。 / 變成遲遲才出現吧。 / 蓋新居、搬家：,https://www.chance.org.tw/%E7%B1%A4%E8%A9%A9%E9%9B%86/%E6%B7%BA%E8%8D%89%E9%87%91%E9%BE%8D%E5%B1%B1%E8%A7%80%E9%9F%B3%E5%AF%BA%E4%B8%80%E7%99%BE%E7%B1%A4/%E7%B1%A4%E8%A9%A9%E7%B6%B2%E2%80%A7%E6%B7%BA%E8%8D%89%E9%87%91%E9%BE%8D%E5%B1%B1%E8%A7%80%E9%9F%B3%E5%AF%BA%E4%B8%80%E7%99%BE%E7%B1%A4__第049籤.htm
50,籤詩網•淺草金龍山觀音寺一百籤__第050籤,會實現吧。 / 會治好吧。 / 會出現吧。 / 蓋新居、搬家：,https://www.chance.org.tw/%E7%B1%A4%E8%A9%A9%E9%9B%86/%E6%B7%BA%E8%8D%89%E9%87%91%E9%BE%8D%E5%B1%B1%E8%A7%80%E9%9F%B3%E5%AF%BA%E4%B8%80%E7%99%BE%E7%B1%A4/%E7%B1%A4%E8%A9%A9%E7%B6%B2%E2%80%A7%E6%B7%BA%E8%8D%89%E9%87%91%E9%BE%8D%E5%B1%B1%E8%A7%80%E9%9F%B3%E5%AF%BA%E4%B8%80%E7%99%BE%E7%B1%A4__第050籤.htm
51,籤詩網•淺草金龍山觀音寺一百籤__第051籤,雖然沒有懶惰，好像一直勤勞努力，但是現在只感覺到辛苦吧。 / 因為有大大的願望，雖然拼命地努力，但是似乎還沒到花開的時期吧。 / 然而，看著天空，抱著打算一飛向上的大決心，認真地挑戰看看吧。 / 確實地能得到資產和財寶、出人頭地等，能安心吧。,https://www.chance.org.tw/%E7%B1%A4%E8%A9%A9%E9%9B%86/%E6%B7%BA%E8%8D%89%E9%87%91%E9%BE%8D%E5%B1%B1%E8%A7%80%E9%9F%B3%E5%AF%BA%E4%B8%80%E7%99%BE%E7%B1%A4/%E7%B1%A4%E8%A9%A9%E7%B6%B2%E2%80%A7%E6%B7%BA%E8%8D%89%E9%87%91%E9%BE%8D%E5%B1%B1%E8%A7%80%E9%9F%B3%E5%AF%BA%E4%B8%80%E7%99%BE%E7%B1%A4__第051籤.htm
52,籤詩網•淺草金龍山觀音寺一百籤__第052籤,身上發生錯誤的事，被人控訴，引起爭訟吧。 / 這個爭訟之外，還有一件難以解開的困難爭執的事吧。 / 原因之一是親戚或家人包含在其中，從這件事解決後，可以防止災難吧。 / 就算有災難也不要嘆氣，幫助你的人會出現吧。,https://www.chance.org.tw/%E7%B1%A4%E8%A9%A9%E9%9B%86/%E6%B7%BA%E8%8D%89%E9%87%91%E9%BE%8D%E5%B1%B1%E8%A7%80%E9%9F%B3%E5%AF%BA%E4%B8%80%E7%99%BE%E7%B1%A4/%E7%B1%A4%E8%A9%A9%E7%B6%B2%E2%80%A7%E6%B7%BA%E8%8D%89%E9%87%91%E9%BE%8D%E5%B1%B1%E8%A7%80%E9%9F%B3%E5%AF%BA%E4%B8%80%E7%99%BE%E7%B1%A4__第052籤.htm
53,籤詩網•淺草金龍山觀音寺一百籤__第053籤,長時間的勞苦終於溶化不見，漸漸地變好吧。 / 從居上位者能得到好的資格（身份、或職位）或權力吧。 / 像是殘存的花朵結成果實般地，終於運氣來了吧。 / 變得能自由地得到福德，並且高昇，到最後都幸福吧。,https://www.chance.org.tw/%E7%B1%A4%E8%A9%A9%E9%9B%86/%E6%B7%BA%E8%8D%89%E9%87%91%E9%BE%8D%E5%B1%B1%E8%A7%80%E9%9F%B3%E5%AF%BA%E4%B8%80%E7%99%BE%E7%B1%A4/%E7%B1%A4%E8%A9%A9%E7%B6%B2%E2%80%A7%E6%B7%BA%E8%8D%89%E9%87%91%E9%BE%8D%E5%B1%B1%E8%A7%80%E9%9F%B3%E5%AF%BA%E4%B8%80%E7%99%BE%E7%B1%A4__第053籤.htm
54,籤詩網•淺草金龍山觀音寺一百籤__第054籤,難實現吧。 / 難出現吧。 / 不會出現吧。 / 蓋新居、搬家：,https://www.chance.org.tw/%E7%B1%A4%E8%A9%A9%E9%9B%86/%E6%B7%BA%E8%8D%89%E9%87%91%E9%BE%8D%E5%B1%B1%E8%A7%80%E9%9F%B3%E5%AF%BA%E4%B8%80%E7%99%BE%E7%B1%A4/%E7%B1%A4%E8%A9%A9%E7%B6%B2%E2%80%A7%E6%B7%BA%E8%8D%89%E9%87%91%E9%BE%8D%E5%B1%B1%E8%A7%80%E9%9F%B3%E5%AF%BA%E4%B8%80%E7%99%BE%E7%B1%A4__第054籤.htm
55,籤詩網•淺草金龍山觀音寺一百籤__第055籤,會實現吧。 / 會治好吧。 / 會找到吧。 / 蓋新居、搬家：,https://www.chance.org.tw/%E7%B1%A4%E8%A9%A9%E9%9B%86/%E6%B7%BA%E8%8D%89%E9%87%91%E9%BE%8D%E5%B1%B1%E8%A7%80%E9%9F%B3%E5%AF%BA%E4%B8%80%E7%99%BE%E7%B1%A4/%E7%B1%A4%E8%A9%A9%E7%B6%B2%E2%80%A7%E6%B7%BA%E8%8D%89%E9%87%91%E9%BE%8D%E5%B1%B1%E8%A7%80%E9%9F%B3%E5%AF%BA%E4%B8%80%E7%99%BE%E7%B1%A4__第055籤.htm
56,籤詩網•淺草金龍山觀音寺一百籤__第056籤,難實現吧。 / 變成遲遲才治好吧。 / 會出現吧。 / 遲遲才出現吧。,https://www.chance.org.tw/%E7%B1%A4%E8%A9%A9%E9%9B%86/%E6%B7%BA%E8%8D%89%E9%87%91%E9%BE%8D%E5%B1%B1%E8%A7%80%E9%9F%B3%E5%AF%BA%E4%B8%80%E7%99%BE%E7%B1%A4/%E7%B1%A4%E8%A9%A9%E7%B6%B2%E2%80%A7%E6%B7%BA%E8%8D%89%E9%87%91%E9%BE%8D%E5%B1%B1%E8%A7%80%E9%9F%B3%E5%AF%BA%E4%B8%80%E7%99%BE%E7%B1%A4__第056籤.htm
57,籤詩網•淺草金龍山觀音寺一百籤__第057籤,會實現吧。 / 雖然會治好，但會拖長吧。 / 會出現吧。 / 變遲遲才出現吧。,https://www.chance.org.tw/%E7%B1%A4%E8%A9%A9%E9%9B%86/%E6%B7%BA%E8%8D%89%E9%87%91%E9%BE%8D%E5%B1%B1%E8%A7%80%E9%9F%B3%E5%AF%BA%E4%B8%80%E7%99%BE%E7%B1%A4/%E7%B1%A4%E8%A9%A9%E7%B6%B2%E2%80%A7%E6%B7%BA%E8%8D%89%E9%87%91%E9%BE%8D%E5%B1%B1%E8%A7%80%E9%9F%B3%E5%AF%BA%E4%B8%80%E7%99%BE%E7%B1%A4__第057籤.htm
58,籤詩網•淺草金龍山觀音寺一百籤__第058籤,難實現吧。 / 不能安心吧。 / 難出現吧。 / 不會出現吧。,https://www.chance.org.tw/%E7%B1%A4%E8%A9%A9%E9%9B%86/%E6%B7%BA%E8%8D%89%E9%87%91%E9%BE%8D%E5%B1%B1%E8%A7%80%E9%9F%B3%E5%AF%BA%E4%B8%80%E7%99%BE%E7%B1%A4/%E7%B1%A4%E8%A9%A9%E7%B6%B2%E2%80%A7%E6%B7%BA%E8%8D%89%E9%87%91%E9%BE%8D%E5%B1%B1%E8%A7%80%E9%9F%B3%E5%AF%BA%E4%B8%80%E7%99%BE%E7%B1%A4__第058籤.htm
59,籤詩網•淺草金龍山觀音寺一百籤__第059籤,難實現吧。 / 難出現吧。 / 不會出現吧。 / 蓋新居、搬家：,https://www.chance.org.tw/%E7%B1%A4%E8%A9%A9%E9%9B%86/%E6%B7%BA%E8%8D%89%E9%87%91%E9%BE%8D%E5%B1%B1%E8%A7%80%E9%9F%B3%E5%AF%BA%E4%B8%80%E7%99%BE%E7%B1%A4/%E7%B1%A4%E8%A9%A9%E7%B6%B2%E2%80%A7%E6%B7%BA%E8%8D%89%E9%87%91%E9%BE%8D%E5%B1%B1%E8%A7%80%E9%9F%B3%E5%AF%BA%E4%B8%80%E7%99%BE%E7%B1%A4__第059籤.htm
60,籤詩網•淺草金龍山觀音寺一百籤__第060籤,就像是高處的風很強般地，過於引人注目反而過得不安穩。 / 正因為平凡的生活，才是長壽或安樂的方法。 / 如果能守著這樣的生活方式，會是安泰又平和吧。 / 這樣的誠實的生活必定會得到上天的恩惠吧。,https://www.chance.org.tw/%E7%B1%A4%E8%A9%A9%E9%9B%86/%E6%B7%BA%E8%8D%89%E9%87%91%E9%BE%8D%E5%B1%B1%E8%A7%80%E9%9F%B3%E5%AF%BA%E4%B8%80%E7%99%BE%E7%B1%A4/%E7%B1%A4%E8%A9%A9%E7%B6%B2%E2%80%A7%E6%B7%BA%E8%8D%89%E9%87%91%E9%BE%8D%E5%B1%B1%E8%A7%80%E9%9F%B3%E5%AF%BA%E4%B8%80%E7%99%BE%E7%B1%A4__第060籤.htm
61,籤詩網•淺草金龍山觀音寺一百籤__第061籤,難實現吧。 / 會拖長吧。 / 難找到吧。 / 蓋新居、搬家：,https://www.chance.org.tw/%E7%B1%A4%E8%A9%A9%E9%9B%86/%E6%B7%BA%E8%8D%89%E9%87%91%E9%BE%8D%E5%B1%B1%E8%A7%80%E9%9F%B3%E5%AF%BA%E4%B8%80%E7%99%BE%E7%B1%A4/%E7%B1%A4%E8%A9%A9%E7%B6%B2%E2%80%A7%E6%B7%BA%E8%8D%89%E9%87%91%E9%BE%8D%E5%B1%B1%E8%A7%80%E9%9F%B3%E5%AF%BA%E4%B8%80%E7%99%BE%E7%B1%A4__第061籤.htm
62,籤詩網•淺草金龍山觀音寺一百籤__第062籤,出人頭地，變得福運繁榮，會繁盛吧。 / 會實現吧。 / 會治好吧。 / 會出現吧。,https://www.chance.org.tw/%E7%B1%A4%E8%A9%A9%E9%9B%86/%E6%B7%BA%E8%8D%89%E9%87%91%E9%BE%8D%E5%B1%B1%E8%A7%80%E9%9F%B3%E5%AF%BA%E4%B8%80%E7%99%BE%E7%B1%A4/%E7%B1%A4%E8%A9%A9%E7%B6%B2%E2%80%A7%E6%B7%BA%E8%8D%89%E9%87%91%E9%BE%8D%E5%B1%B1%E8%A7%80%E9%9F%B3%E5%AF%BA%E4%B8%80%E7%99%BE%E7%B1%A4__第062籤.htm
63,籤詩網•淺草金龍山觀音寺一百籤__第063籤,難實現吧。 / 難治癒吧。 / 難找到吧。 / 不會出現吧。,https://www.chance.org.tw/%E7%B1%A4%E8%A9%A9%E9%9B%86/%E6%B7%BA%E8%8D%89%E9%87%91%E9%BE%8D%E5%B1%B1%E8%A7%80%E9%9F%B3%E5%AF%BA%E4%B8%80%E7%99%BE%E7%B1%A4/%E7%B1%A4%E8%A9%A9%E7%B6%B2%E2%80%A7%E6%B7%BA%E8%8D%89%E9%87%91%E9%BE%8D%E5%B1%B1%E8%A7%80%E9%9F%B3%E5%AF%BA%E4%B8%80%E7%99%BE%E7%B1%A4__第063籤.htm
64,籤詩網•淺草金龍山觀音寺一百籤__第064籤,願望：難實現吧。 / 疾病：危險吧。 / 遺失物：不會出現吧。 / 盼望的人：不會出現吧。,https://www.chance.org.tw/%E7%B1%A4%E8%A9%A9%E9%9B%86/%E6%B7%BA%E8%8D%89%E9%87%91%E9%BE%8D%E5%B1%B1%E8%A7%80%E9%9F%B3%E5%AF%BA%E4%B8%80%E7%99%BE%E7%B1%A4/%E7%B1%A4%E8%A9%A9%E7%B6%B2%E2%80%A7%E6%B7%BA%E8%8D%89%E9%87%91%E9%BE%8D%E5%B1%B1%E8%A7%80%E9%9F%B3%E5%AF%BA%E4%B8%80%E7%99%BE%E7%B1%A4__第064籤.htm
65,籤詩網•淺草金龍山觀音寺一百籤__第065籤,以後會實現吧。 / 雖然拖長但會治好吧。 / 不會出現吧。 / 變得遲遲才出現吧。,https://www.chance.org.tw/%E7%B1%A4%E8%A9%A9%E9%9B%86/%E6%B7%BA%E8%8D%89%E9%87%91%E9%BE%8D%E5%B1%B1%E8%A7%80%E9%9F%B3%E5%AF%BA%E4%B8%80%E7%99%BE%E7%B1%A4/%E7%B1%A4%E8%A9%A9%E7%B6%B2%E2%80%A7%E6%B7%BA%E8%8D%89%E9%87%91%E9%BE%8D%E5%B1%B1%E8%A7%80%E9%9F%B3%E5%AF%BA%E4%B8%80%E7%99%BE%E7%B1%A4__第065籤.htm
66,籤詩網•淺草金龍山觀音寺一百籤__第066籤,可疑，不明朗吧。 / 難出現吧。 / 不會出現吧。 / 蓋新居、搬家：,https://www.chance.org.tw/%E7%B1%A4%E8%A9%A9%E9%9B%86/%E6%B7%BA%E8%8D%89%E9%87%91%E9%BE%8D%E5%B1%B1%E8%A7%80%E9%9F%B3%E5%AF%BA%E4%B8%80%E7%99%BE%E7%B1%A4/%E7%B1%A4%E8%A9%A9%E7%B6%B2%E2%80%A7%E6%B7%BA%E8%8D%89%E9%87%91%E9%BE%8D%E5%B1%B1%E8%A7%80%E9%9F%B3%E5%AF%BA%E4%B8%80%E7%99%BE%E7%B1%A4__第066籤.htm
67,籤詩網•淺草金龍山觀音寺一百籤__第067籤,難實現吧。 / 會拖長吧。 / 難出現吧。 / 不會出現吧。,https://www.chance.org.tw/%E7%B1%A4%E8%A9%A9%E9%9B%86/%E6%B7%BA%E8%8D%89%E9%87%91%E9%BE%8D%E5%B1%B1%E8%A7%80%E9%9F%B3%E5%AF%BA%E4%B8%80%E7%99%BE%E7%B1%A4/%E7%B1%A4%E8%A9%A9%E7%B6%B2%E2%80%A7%E6%B7%BA%E8%8D%89%E9%87%91%E9%BE%8D%E5%B1%B1%E8%A7%80%E9%9F%B3%E5%AF%BA%E4%B8%80%E7%99%BE%E7%B1%A4__第067籤.htm
68,籤詩網•淺草金龍山觀音寺一百籤__第068籤,會實現吧。 / 會治好吧。 / 會出來吧。 / 會出現吧。,https://www.chance.org.tw/%E7%B1%A4%E8%A9%A9%E9%9B%86/%E6%B7%BA%E8%8D%89%E9%87%91%E9%BE%8D%E5%B1%B1%E8%A7%80%E9%9F%B3%E5%AF%BA%E4%B8%80%E7%99%BE%E7%B1%A4/%E7%B1%A4%E8%A9%A9%E7%B6%B2%E2%80%A7%E6%B7%BA%E8%8D%89%E9%87%91%E9%BE%8D%E5%B1%B1%E8%A7%80%E9%9F%B3%E5%AF%BA%E4%B8%80%E7%99%BE%E7%B1%A4__第068籤.htm
69,籤詩網•淺草金龍山觀音寺一百籤__第069籤,難實現吧。 / 切忌粗心大意。 / 難出現吧。 / 不會出現吧。,https://www.chance.org.tw/%E7%B1%A4%E8%A9%A9%E9%9B%86/%E6%B7%BA%E8%8D%89%E9%87%91%E9%BE%8D%E5%B1%B1%E8%A7%80%E9%9F%B3%E5%AF%BA%E4%B8%80%E7%99%BE%E7%B1%A4/%E7%B1%A4%E8%A9%A9%E7%B6%B2%E2%80%A7%E6%B7%BA%E8%8D%89%E9%87%91%E9%BE%8D%E5%B1%B1%E8%A7%80%E9%9F%B3%E5%AF%BA%E4%B8%80%E7%99%BE%E7%B1%A4__第069籤.htm
70,籤詩網•淺草金龍山觀音寺一百籤__第070籤,雷落在自家的庭前是由於身份低下或雇用的人引發災禍。 / 像是火焰向天飛去般地，上下關係變得不合，有爭執吧。 / 一心一意想要得到利益但沒辦法實現。 / 至少要重視雇用的人或下屬等，防止災難發生吧。,https://www.chance.org.tw/%E7%B1%A4%E8%A9%A9%E9%9B%86/%E6%B7%BA%E8%8D%89%E9%87%91%E9%BE%8D%E5%B1%B1%E8%A7%80%E9%9F%B3%E5%AF%BA%E4%B8%80%E7%99%BE%E7%B1%A4/%E7%B1%A4%E8%A9%A9%E7%B6%B2%E2%80%A7%E6%B7%BA%E8%8D%89%E9%87%91%E9%BE%8D%E5%B1%B1%E8%A7%80%E9%9F%B3%E5%AF%BA%E4%B8%80%E7%99%BE%E7%B1%A4__第070籤.htm
71,籤詩網•淺草金龍山觀音寺一百籤__第071籤,因為心裡和工作的實力都還沒成熟，現在是學習的時期。 / 因為心裡和工作的實力都還沒成熟，就算想做什麼也無法按照所想地順利進行吧。 / 因為這樣的事，引起各種麻煩，令人厭煩的痛苦和混亂吧。 / 沒辦法好好地想事情，只是晃來晃去心情不定吧。需要反省。,https://www.chance.org.tw/%E7%B1%A4%E8%A9%A9%E9%9B%86/%E6%B7%BA%E8%8D%89%E9%87%91%E9%BE%8D%E5%B1%B1%E8%A7%80%E9%9F%B3%E5%AF%BA%E4%B8%80%E7%99%BE%E7%B1%A4/%E7%B1%A4%E8%A9%A9%E7%B6%B2%E2%80%A7%E6%B7%BA%E8%8D%89%E9%87%91%E9%BE%8D%E5%B1%B1%E8%A7%80%E9%9F%B3%E5%AF%BA%E4%B8%80%E7%99%BE%E7%B1%A4__第071籤.htm
72,籤詩網•淺草金龍山觀音寺一百籤__第072籤,因為家裡和睦，好事似乎越變越多。 / 後來會實現吧。 / 會拖長吧。 / 變成遲遲才能找到吧。,https://www.chance.org.tw/%E7%B1%A4%E8%A9%A9%E9%9B%86/%E6%B7%BA%E8%8D%89%E9%87%91%E9%BE%8D%E5%B1%B1%E8%A7%80%E9%9F%B3%E5%AF%BA%E4%B8%80%E7%99%BE%E7%B1%A4/%E7%B1%A4%E8%A9%A9%E7%B6%B2%E2%80%A7%E6%B7%BA%E8%8D%89%E9%87%91%E9%BE%8D%E5%B1%B1%E8%A7%80%E9%9F%B3%E5%AF%BA%E4%B8%80%E7%99%BE%E7%B1%A4__第072籤.htm
73,籤詩網•淺草金龍山觀音寺一百籤__第073籤,久佈烏雲的天空也終於放晴，很暢快吧。幸運似乎會到來 / 水或樹木都澄淨明朗，也變得沒有要擔心的事吧。 / 因為得到居上位者的推薦，出人頭地吧。 / 被神佛幫助，得到好結果吧。要有信心是很重要的。,https://www.chance.org.tw/%E7%B1%A4%E8%A9%A9%E9%9B%86/%E6%B7%BA%E8%8D%89%E9%87%91%E9%BE%8D%E5%B1%B1%E8%A7%80%E9%9F%B3%E5%AF%BA%E4%B8%80%E7%99%BE%E7%B1%A4/%E7%B1%A4%E8%A9%A9%E7%B6%B2%E2%80%A7%E6%B7%BA%E8%8D%89%E9%87%91%E9%BE%8D%E5%B1%B1%E8%A7%80%E9%9F%B3%E5%AF%BA%E4%B8%80%E7%99%BE%E7%B1%A4__第073籤.htm
74,籤詩網•淺草金龍山觀音寺一百籤__第074籤,難以實現吧。 / 不能安心吧。 / 難出現吧。 / 不會出現吧。,https://www.chance.org.tw/%E7%B1%A4%E8%A9%A9%E9%9B%86/%E6%B7%BA%E8%8D%89%E9%87%91%E9%BE%8D%E5%B1%B1%E8%A7%80%E9%9F%B3%E5%AF%BA%E4%B8%80%E7%99%BE%E7%B1%A4/%E7%B1%A4%E8%A9%A9%E7%B6%B2%E2%80%A7%E6%B7%BA%E8%8D%89%E9%87%91%E9%BE%8D%E5%B1%B1%E8%A7%80%E9%9F%B3%E5%AF%BA%E4%B8%80%E7%99%BE%E7%B1%A4__第074籤.htm
75,籤詩網•淺草金龍山觀音寺一百籤__第075籤,難實現吧。 / 陷入的話（若是病人的話）危險吧。 / 不能找回來吧。 / 不會出現吧。,https://www.chance.org.tw/%E7%B1%A4%E8%A9%A9%E9%9B%86/%E6%B7%BA%E8%8D%89%E9%87%91%E9%BE%8D%E5%B1%B1%E8%A7%80%E9%9F%B3%E5%AF%BA%E4%B8%80%E7%99%BE%E7%B1%A4/%E7%B1%A4%E8%A9%A9%E7%B6%B2%E2%80%A7%E6%B7%BA%E8%8D%89%E9%87%91%E9%BE%8D%E5%B1%B1%E8%A7%80%E9%9F%B3%E5%AF%BA%E4%B8%80%E7%99%BE%E7%B1%A4__第075籤.htm
76,籤詩網•淺草金龍山觀音寺一百籤__第076籤,會實現吧。 / 會治好吧。 / 會出來吧。 / 會出現吧。,https://www.chance.org.tw/%E7%B1%A4%E8%A9%A9%E9%9B%86/%E6%B7%BA%E8%8D%89%E9%87%91%E9%BE%8D%E5%B1%B1%E8%A7%80%E9%9F%B3%E5%AF%BA%E4%B8%80%E7%99%BE%E7%B1%A4/%E7%B1%A4%E8%A9%A9%E7%B6%B2%E2%80%A7%E6%B7%BA%E8%8D%89%E9%87%91%E9%BE%8D%E5%B1%B1%E8%A7%80%E9%9F%B3%E5%AF%BA%E4%B8%80%E7%99%BE%E7%B1%A4__第076籤.htm
77,籤詩網•淺草金龍山觀音寺一百籤__第077籤,難實現吧。 / 不能安心吧。 / 難找到吧。 / 不會出現吧。,https://www.chance.org.tw/%E7%B1%A4%E8%A9%A9%E9%9B%86/%E6%B7%BA%E8%8D%89%E9%87%91%E9%BE%8D%E5%B1%B1%E8%A7%80%E9%9F%B3%E5%AF%BA%E4%B8%80%E7%99%BE%E7%B1%A4/%E7%B1%A4%E8%A9%A9%E7%B6%B2%E2%80%A7%E6%B7%BA%E8%8D%89%E9%87%91%E9%BE%8D%E5%B1%B1%E8%A7%80%E9%9F%B3%E5%AF%BA%E4%B8%80%E7%99%BE%E7%B1%A4__第077籤.htm
78,籤詩網•淺草金龍山觀音寺一百籤__第078籤,會實現吧。 / 會治好吧。 / 會出來吧。 / 會出現吧。,https://www.chance.org.tw/%E7%B1%A4%E8%A9%A9%E9%9B%86/%E6%B7%BA%E8%8D%89%E9%87%91%E9%BE%8D%E5%B1%B1%E8%A7%80%E9%9F%B3%E5%AF%BA%E4%B8%80%E7%99%BE%E7%B1%A4/%E7%B1%A4%E8%A9%A9%E7%B6%B2%E2%80%A7%E6%B7%BA%E8%8D%89%E9%87%91%E9%BE%8D%E5%B1%B1%E8%A7%80%E9%9F%B3%E5%AF%BA%E4%B8%80%E7%99%BE%E7%B1%A4__第078籤.htm
79,籤詩網•淺草金龍山觀音寺一百籤__第079籤,雖然能被實現但是大願望不行吧。 / 雖然會拖長，但會治好吧。 / 遲遲地才找到吧。 / 變遲才出現吧。,https://www.chance.org.tw/%E7%B1%A4%E8%A9%A9%E9%9B%86/%E6%B7%BA%E8%8D%89%E9%87%91%E9%BE%8D%E5%B1%B1%E8%A7%80%E9%9F%B3%E5%AF%BA%E4%B8%80%E7%99%BE%E7%B1%A4/%E7%B1%A4%E8%A9%A9%E7%B6%B2%E2%80%A7%E6%B7%BA%E8%8D%89%E9%87%91%E9%BE%8D%E5%B1%B1%E8%A7%80%E9%9F%B3%E5%AF%BA%E4%B8%80%E7%99%BE%E7%B1%A4__第079籤.htm
80,籤詩網•淺草金龍山觀音寺一百籤__第080籤,會實現吧。 / 會治好吧。 / 會出現吧。 / 會出現吧。,https://www.chance.org.tw/%E7%B1%A4%E8%A9%A9%E9%9B%86/%E6%B7%BA%E8%8D%89%E9%87%91%E9%BE%8D%E5%B1%B1%E8%A7%80%E9%9F%B3%E5%AF%BA%E4%B8%80%E7%99%BE%E7%B1%A4/%E7%B1%A4%E8%A9%A9%E7%B6%B2%E2%80%A7%E6%B7%BA%E8%8D%89%E9%87%91%E9%BE%8D%E5%B1%B1%E8%A7%80%E9%9F%B3%E5%AF%BA%E4%B8%80%E7%99%BE%E7%B1%A4__第080籤.htm
81,籤詩網•淺草金龍山觀音寺一百籤__第081籤,但是在最初會先有很多悲傷和痛苦的事吧。 / 之後，所希望的財寶會如心想地靠過來吧。 / ，繁盛會到來吧。 / 願望：如果保持端正的心的話，會實現吧。,https://www.chance.org.tw/%E7%B1%A4%E8%A9%A9%E9%9B%86/%E6%B7%BA%E8%8D%89%E9%87%91%E9%BE%8D%E5%B1%B1%E8%A7%80%E9%9F%B3%E5%AF%BA%E4%B8%80%E7%99%BE%E7%B1%A4/%E7%B1%A4%E8%A9%A9%E7%B6%B2%E2%80%A7%E6%B7%BA%E8%8D%89%E9%87%91%E9%BE%8D%E5%B1%B1%E8%A7%80%E9%9F%B3%E5%AF%BA%E4%B8%80%E7%99%BE%E7%B1%A4__第081籤.htm
82,籤詩網•淺草金龍山觀音寺一百籤__第082籤,難實現吧。 / 可疑，不明朗吧。 / 難出現吧。 / 不會出現吧。,https://www.chance.org.tw/%E7%B1%A4%E8%A9%A9%E9%9B%86/%E6%B7%BA%E8%8D%89%E9%87%91%E9%BE%8D%E5%B1%B1%E8%A7%80%E9%9F%B3%E5%AF%BA%E4%B8%80%E7%99%BE%E7%B1%A4/%E7%B1%A4%E8%A9%A9%E7%B6%B2%E2%80%A7%E6%B7%BA%E8%8D%89%E9%87%91%E9%BE%8D%E5%B1%B1%E8%A7%80%E9%9F%B3%E5%AF%BA%E4%B8%80%E7%99%BE%E7%B1%A4__第082籤.htm
83,籤詩網•淺草金龍山觀音寺一百籤__第083籤,難實現吧。 / 會拖長吧。 / 難出現吧。 / 不會出現吧。,https://www.chance.org.tw/%E7%B1%A4%E8%A9%A9%E9%9B%86/%E6%B7%BA%E8%8D%89%E9%87%91%E9%BE%8D%E5%B1%B1%E8%A7%80%E9%9F%B3%E5%AF%BA%E4%B8%80%E7%99%BE%E7%B1%A4/%E7%B1%A4%E8%A9%A9%E7%B6%B2%E2%80%A7%E6%B7%BA%E8%8D%89%E9%87%91%E9%BE%8D%E5%B1%B1%E8%A7%80%E9%9F%B3%E5%AF%BA%E4%B8%80%E7%99%BE%E7%B1%A4__第083籤.htm
84,籤詩網•淺草金龍山觀音寺一百籤__第084籤,難實現吧。 / 難出現吧。 / 不會出現吧。 / 蓋新居、搬家：,https://www.chance.org.tw/%E7%B1%A4%E8%A9%A9%E9%9B%86/%E6%B7%BA%E8%8D%89%E9%87%91%E9%BE%8D%E5%B1%B1%E8%A7%80%E9%9F%B3%E5%AF%BA%E4%B8%80%E7%99%BE%E7%B1%A4/%E7%B1%A4%E8%A9%A9%E7%B6%B2%E2%80%A7%E6%B7%BA%E8%8D%89%E9%87%91%E9%BE%8D%E5%B1%B1%E8%A7%80%E9%9F%B3%E5%AF%BA%E4%B8%80%E7%99%BE%E7%B1%A4__第084籤.htm
85,籤詩網•淺草金龍山觀音寺一百籤__第085籤,雖說願望很晚才會實現，不悲傷嘆息慢慢地等待吧。 / 漸漸地名聲揚起，變成安心的心情吧。 / 大大的願望也得到援助，終於能被實現吧。 / 變成能得到福德、財產、長壽吧。,https://www.chance.org.tw/%E7%B1%A4%E8%A9%A9%E9%9B%86/%E6%B7%BA%E8%8D%89%E9%87%91%E9%BE%8D%E5%B1%B1%E8%A7%80%E9%9F%B3%E5%AF%BA%E4%B8%80%E7%99%BE%E7%B1%A4/%E7%B1%A4%E8%A9%A9%E7%B6%B2%E2%80%A7%E6%B7%BA%E8%8D%89%E9%87%91%E9%BE%8D%E5%B1%B1%E8%A7%80%E9%9F%B3%E5%AF%BA%E4%B8%80%E7%99%BE%E7%B1%A4__第085籤.htm
86,籤詩網•淺草金龍山觀音寺一百籤__第086籤,會實現吧。 / 會治好吧。 / 會出現吧。 / 會出現吧。,https://www.chance.org.tw/%E7%B1%A4%E8%A9%A9%E9%9B%86/%E6%B7%BA%E8%8D%89%E9%87%91%E9%BE%8D%E5%B1%B1%E8%A7%80%E9%9F%B3%E5%AF%BA%E4%B8%80%E7%99%BE%E7%B1%A4/%E7%B1%A4%E8%A9%A9%E7%B6%B2%E2%80%A7%E6%B7%BA%E8%8D%89%E9%87%91%E9%BE%8D%E5%B1%B1%E8%A7%80%E9%9F%B3%E5%AF%BA%E4%B8%80%E7%99%BE%E7%B1%A4__第086籤.htm
87,籤詩網•淺草金龍山觀音寺一百籤__第087籤,偶然挖出石頭中的寶石可說是遇見沒想過的幸福。 / 就像是淘砂收集金子般地，在生活中財寶自然地累積吧。 / 想向天空實現大成功之道，在世間也廣為稱讚吧。 / 只是，如果不意志堅定一心努力的話，什麼是都不能成功吧,https://www.chance.org.tw/%E7%B1%A4%E8%A9%A9%E9%9B%86/%E6%B7%BA%E8%8D%89%E9%87%91%E9%BE%8D%E5%B1%B1%E8%A7%80%E9%9F%B3%E5%AF%BA%E4%B8%80%E7%99%BE%E7%B1%A4/%E7%B1%A4%E8%A9%A9%E7%B6%B2%E2%80%A7%E6%B7%BA%E8%8D%89%E9%87%91%E9%BE%8D%E5%B1%B1%E8%A7%80%E9%9F%B3%E5%AF%BA%E4%B8%80%E7%99%BE%E7%B1%A4__第087籤.htm
88,籤詩網•淺草金龍山觀音寺一百籤__第088籤,難實現吧。 / 不會出現吧。 / 不會出現吧。 / 蓋新居、搬家：,https://www.chance.org.tw/%E7%B1%A4%E8%A9%A9%E9%9B%86/%E6%B7%BA%E8%8D%89%E9%87%91%E9%BE%8D%E5%B1%B1%E8%A7%80%E9%9F%B3%E5%AF%BA%E4%B8%80%E7%99%BE%E7%B1%A4/%E7%B1%A4%E8%A9%A9%E7%B6%B2%E2%80%A7%E6%B7%BA%E8%8D%89%E9%87%91%E9%BE%8D%E5%B1%B1%E8%A7%80%E9%9F%B3%E5%AF%BA%E4%B8%80%E7%99%BE%E7%B1%A4__第088籤.htm
89,籤詩網•淺草金龍山觀音寺一百籤__第089籤,智慧或財寶充滿， / 願望：能被實現吧。 / 疾病：會治好吧。 / 遺失物：不會出現吧。,https://www.chance.org.tw/%E7%B1%A4%E8%A9%A9%E9%9B%86/%E6%B7%BA%E8%8D%89%E9%87%91%E9%BE%8D%E5%B1%B1%E8%A7%80%E9%9F%B3%E5%AF%BA%E4%B8%80%E7%99%BE%E7%B1%A4/%E7%B1%A4%E8%A9%A9%E7%B6%B2%E2%80%A7%E6%B7%BA%E8%8D%89%E9%87%91%E9%BE%8D%E5%B1%B1%E8%A7%80%E9%9F%B3%E5%AF%BA%E4%B8%80%E7%99%BE%E7%B1%A4__第089籤.htm
90,籤詩網•淺草金龍山觀音寺一百籤__第090籤,會實現吧。 / 會治好吧。 / 會出現吧。 / 會出現吧。,https://www.chance.org.tw/%E7%B1%A4%E8%A9%A9%E9%9B%86/%E6%B7%BA%E8%8D%89%E9%87%91%E9%BE%8D%E5%B1%B1%E8%A7%80%E9%9F%B3%E5%AF%BA%E4%B8%80%E7%99%BE%E7%B1%A4/%E7%B1%A4%E8%A9%A9%E7%B6%B2%E2%80%A7%E6%B7%BA%E8%8D%89%E9%87%91%E9%BE%8D%E5%B1%B1%E8%A7%80%E9%9F%B3%E5%AF%BA%E4%B8%80%E7%99%BE%E7%B1%A4__第090籤.htm
91,籤詩網•淺草金龍山觀音寺一百籤__第091籤,如果守正道的話會實現吧。 / 會治好吧。 / 會出現吧。 / 會出現吧。,https://www.chance.org.tw/%E7%B1%A4%E8%A9%A9%E9%9B%86/%E6%B7%BA%E8%8D%89%E9%87%91%E9%BE%8D%E5%B1%B1%E8%A7%80%E9%9F%B3%E5%AF%BA%E4%B8%80%E7%99%BE%E7%B1%A4/%E7%B1%A4%E8%A9%A9%E7%B6%B2%E2%80%A7%E6%B7%BA%E8%8D%89%E9%87%91%E9%BE%8D%E5%B1%B1%E8%A7%80%E9%9F%B3%E5%AF%BA%E4%B8%80%E7%99%BE%E7%B1%A4__第091籤.htm
92,籤詩網•淺草金龍山觀音寺一百籤__第092籤,從小時候起的到流落旅行就是內心的不安定，勞苦很多。 / 如果變成春天的話，就像馬也振奮地來回奔跑般底，終於運氣到來吧。 / 就算如心想地去了哪裡，會變成如自己想的一樣吧。 / 箭筆直地向前進時是要射中獵物。從天而來的幸運向你而來吧。,https://www.chance.org.tw/%E7%B1%A4%E8%A9%A9%E9%9B%86/%E6%B7%BA%E8%8D%89%E9%87%91%E9%BE%8D%E5%B1%B1%E8%A7%80%E9%9F%B3%E5%AF%BA%E4%B8%80%E7%99%BE%E7%B1%A4/%E7%B1%A4%E8%A9%A9%E7%B6%B2%E2%80%A7%E6%B7%BA%E8%8D%89%E9%87%91%E9%BE%8D%E5%B1%B1%E8%A7%80%E9%9F%B3%E5%AF%BA%E4%B8%80%E7%99%BE%E7%B1%A4__第092籤.htm
93,籤詩網•淺草金龍山觀音寺一百籤__第093籤,變成到後來能實現吧。 / 會拖長吧。 / 難出現吧。 / 蓋新居、搬家：,https://www.chance.org.tw/%E7%B1%A4%E8%A9%A9%E9%9B%86/%E6%B7%BA%E8%8D%89%E9%87%91%E9%BE%8D%E5%B1%B1%E8%A7%80%E9%9F%B3%E5%AF%BA%E4%B8%80%E7%99%BE%E7%B1%A4/%E7%B1%A4%E8%A9%A9%E7%B6%B2%E2%80%A7%E6%B7%BA%E8%8D%89%E9%87%91%E9%BE%8D%E5%B1%B1%E8%A7%80%E9%9F%B3%E5%AF%BA%E4%B8%80%E7%99%BE%E7%B1%A4__第093籤.htm
94,籤詩網•淺草金龍山觀音寺一百籤__第094籤,喝酒時說的話是邊喝酒邊說出的話，不能全部當真。 / 避免和比自己低下的人交流吧。應該要避免只說場面話吧。 / 好好遵從母親（神、佛）吧。如果這樣做的話，願望能被實現吧。 / 化解對事物的敵對意識，廣泛和人交往吧。漸漸地會變成幸福吧。,https://www.chance.org.tw/%E7%B1%A4%E8%A9%A9%E9%9B%86/%E6%B7%BA%E8%8D%89%E9%87%91%E9%BE%8D%E5%B1%B1%E8%A7%80%E9%9F%B3%E5%AF%BA%E4%B8%80%E7%99%BE%E7%B1%A4/%E7%B1%A4%E8%A9%A9%E7%B6%B2%E2%80%A7%E6%B7%BA%E8%8D%89%E9%87%91%E9%BE%8D%E5%B1%B1%E8%A7%80%E9%9F%B3%E5%AF%BA%E4%B8%80%E7%99%BE%E7%B1%A4__第094籤.htm
95,籤詩網•淺草金龍山觀音寺一百籤__第095籤,立定志向，如果一心努力的話，漸漸地會朝向好的方向吧。 / 現在就算福運還沒到來，必定之後會到來吧。 / 就像等待著黑夜放明，雞開始啼叫般地，等待時機的到來吧。 / 時機到來、就像風把船推向前進的方向般地，漸漸地朝向幸福的方向吧。,https://www.chance.org.tw/%E7%B1%A4%E8%A9%A9%E9%9B%86/%E6%B7%BA%E8%8D%89%E9%87%91%E9%BE%8D%E5%B1%B1%E8%A7%80%E9%9F%B3%E5%AF%BA%E4%B8%80%E7%99%BE%E7%B1%A4/%E7%B1%A4%E8%A9%A9%E7%B6%B2%E2%80%A7%E6%B7%BA%E8%8D%89%E9%87%91%E9%BE%8D%E5%B1%B1%E8%A7%80%E9%9F%B3%E5%AF%BA%E4%B8%80%E7%99%BE%E7%B1%A4__第095籤.htm
96,籤詩網•淺草金龍山觀音寺一百籤__第096籤,就像雞一邊追著鳳凰，也和鳳凰一樣地飛翔般地，仰賴有地位的人，出人頭地吧。 / 然後，就像停在高高的樹林，整理羽毛般地，在和身份高的人交流中能得到幸福吧。 / 就像船撐篙要渡向對岸一般地，因為自己開始行動，在世間能安心地渡過吧。 / 出人頭地，就像財寶也很多，堆滿船歸來般地，約定了幸福。,https://www.chance.org.tw/%E7%B1%A4%E8%A9%A9%E9%9B%86/%E6%B7%BA%E8%8D%89%E9%87%91%E9%BE%8D%E5%B1%B1%E8%A7%80%E9%9F%B3%E5%AF%BA%E4%B8%80%E7%99%BE%E7%B1%A4/%E7%B1%A4%E8%A9%A9%E7%B6%B2%E2%80%A7%E6%B7%BA%E8%8D%89%E9%87%91%E9%BE%8D%E5%B1%B1%E8%A7%80%E9%9F%B3%E5%AF%BA%E4%B8%80%E7%99%BE%E7%B1%A4__第096籤.htm
97,籤詩網•淺草金龍山觀音寺一百籤__第097籤,難以實現吧。 / 難出現吧。 / 不會出現吧。 / 蓋新居、搬家：,https://www.chance.org.tw/%E7%B1%A4%E8%A9%A9%E9%9B%86/%E6%B7%BA%E8%8D%89%E9%87%91%E9%BE%8D%E5%B1%B1%E8%A7%80%E9%9F%B3%E5%AF%BA%E4%B8%80%E7%99%BE%E7%B1%A4/%E7%B1%A4%E8%A9%A9%E7%B6%B2%E2%80%A7%E6%B7%BA%E8%8D%89%E9%87%91%E9%BE%8D%E5%B1%B1%E8%A7%80%E9%9F%B3%E5%AF%BA%E4%B8%80%E7%99%BE%E7%B1%A4__第097籤.htm
98,籤詩網•淺草金龍山觀音寺一百籤__第098籤,難以實現吧。 / 可疑，不明朗吧。 / 難出現吧。 / 不會出現吧。,https://www.chance.org.tw/%E7%B1%A4%E8%A9%A9%E9%9B%86/%E6%B7%BA%E8%8D%89%E9%87%91%E9%BE%8D%E5%B1%B1%E8%A7%80%E9%9F%B3%E5%AF%BA%E4%B8%80%E7%99%BE%E7%B1%A4/%E7%B1%A4%E8%A9%A9%E7%B6%B2%E2%80%A7%E6%B7%BA%E8%8D%89%E9%87%91%E9%BE%8D%E5%B1%B1%E8%A7%80%E9%9F%B3%E5%AF%BA%E4%B8%80%E7%99%BE%E7%B1%A4__第098籤.htm
99,籤詩網•淺草金龍山觀音寺一百籤__第099籤,會治好吧。 / 會出現吧。 / 會出現吧。 / 蓋新居、搬家：,https://www.chance.org.tw/%E7%B1%A4%E8%A9%A9%E9%9B%86/%E6%B7%BA%E8%8D%89%E9%87%91%E9%BE%8D%E5%B1%B1%E8%A7%80%E9%9F%B3%E5%AF%BA%E4%B8%80%E7%99%BE%E7%B1%A4/%E7%B1%A4%E8%A9%A9%E7%B6%B2%E2%80%A7%E6%B7%BA%E8%8D%89%E9%87%91%E9%BE%8D%E5%B1%B1%E8%A7%80%E9%9F%B3%E5%AF%BA%E4%B8%80%E7%99%BE%E7%B1%A4__第099籤.htm
100,籤詩網•淺草金龍山觀音寺一百籤__第100籤,難實現吧。 / 難出現吧。 / 蓋新居、搬家： / 結婚、交往：,https://www.chance.org.tw/%E7%B1%A4%E8%A9%A9%E9%9B%86/%E6%B7%BA%E8%8D%89%E9%87%91%E9%BE%8D%E5%B1%B1%E8%A7%80%E9%9F%B3%E5%AF%BA%E4%B8%80%E7%99%BE%E7%B1%A4/%E7%B1%A4%E8%A9%A9%E7%B6%B2%E2%80%A7%E6%B7%BA%E8%8D%89%E9%87%91%E9%BE%8D%E5%B1%B1%E8%A7%80%E9%9F%B3%E5%AF%BA%E4%B8%80%E7%99%BE%E7%B1%A4__第100籤.htm
